title,budget,revenue,vote_average,popularity,belongs_to_collection
Ca$h,7.0,0.046488,6.0,9.107828999999999,False
Leap Year,19.0,29.922472,6.5,7.432311,False
Morning Glory,40.0,58.78518,6.1,10.771255,False
Devil,10.0,33.583175,5.8,7.094276,False
Tooth Fairy,48.0,112.462508,5.2,6.744680000000001,True
Henry's Crime,12.0,0.20494,5.8,5.145185,False
The Book of Eli,80.0,157.107755,6.6,14.39853,False
The Spy Next Door,28.0,45.236543,5.5,6.663422,False
Shikshanachya Aaicha Gho,0.38,0.52,8.0,0.043519,False
Extraordinary Measures,31.0,15.134293,6.0,6.523155,False
Nasha Russia: Yaytsa sudby,2.0,22.212223,4.6,0.9952850000000001,False
Legion,26.0,67.918658,5.2,13.795875,False
Hesher,7.0,0.382946,6.7,5.886972,False
Tucker and Dale vs Evil,5.0,5.476793,7.3,6.7718679999999996,False
Waste Land,1.5,0.187716,7.6,2.627643,False
Edge of Darkness,80.0,74.901339,6.2,9.554067,False
Percy Jackson & the Olympians: The Lightning Thief,95.0,226.497209,6.0,9.785895,True
Kandahar,7.0,15.172408,6.4,1.0110290000000002,False
Dear John,25.0,114.977104,6.6,8.371478999999999,False
From Paris with Love,52.0,52.826594,6.2,6.885592999999999,False
Valentine's Day,52.0,216.485654,5.7,7.466721000000001,False
The Ghost Writer,45.0,60.222298,6.7,6.764819999999999,False
Loose Cannons,7.0,8.220215,7.1,5.633243,False
My Name Is Khan,12.0,42.34536,7.7,11.264586,False
Boy,3e-06,4.3e-05,7.5,3.308503,False
The Robber,3.9,0.208475,6.7,1.824255,False
Centurion,12.0,6.814789,6.0,13.00941,False
Halo Legends,0.1,1.0,6.9,1.731527,False
The Illusionist,18.0,5.602431,7.2,6.971611,False
Shutter Island,80.0,294.804195,7.8,15.813629,False
"Dear Guest, When Will You Leave?",3.75,5.0,6.2,0.597058,False
Vinnaithaandi Varuvaayaa,3.0,12.0,7.7,1.036233,False
The Crazies,20.0,54.95614,6.2,10.914556,False
Cop Out,30.0,55.583804,5.3,14.313079,False
Alice in Wonderland,200.0,1025.49111,6.4,17.285093,True
What Men Talk About,1.95,12.005838,7.6,3.022666,True
How to Train Your Dragon,165.0,494.878759,7.5,14.416681,True
She's Out of My League,20.0,49.779728,5.9,8.101247,False
Green Zone,100.0,94.882889,6.4,11.174041,False
Our Family Wedding,14.0,21.409028,5.7,8.204894,False
Remember Me,16.0,56.032889,6.9,8.307719,False
The Bounty Hunter,40.0,136.0,5.6,6.715263,False
Heartbreaker,8.7,47.355187,6.5,5.546687,False
Repo Men,32.0,18.409891,6.2,7.502967,False
Space Dogs,25.0,6.5,6.3,4.037707,True
The Runaways,10.0,2.995811,6.3,19.42051,False
Diary of a Wimpy Kid,15.0,75.700498,5.9,12.139919,True
TEKKEN,30.0,0.967,5.2,12.17886,True
Kick-Ass,28.0,96.188903,7.1,17.26045,True
Nanny McPhee and the Big Bang,35.0,93.246388,6.0,8.983275,True
Hot Tub Time Machine,36.0,64.572262,5.9,11.967652000000001,True
Shelter,22.0,0.851517,5.7,11.634377,False
Clash of the Titans,125.0,232.713139,5.6,11.972347000000001,True
The Perfect Game,12.5,3.878993,6.3,1.830829,False
Furry Vengeance,35.0,39.340177,4.6,10.794556,False
Why Did I Get Married Too?,20.0,60.072596,6.1,2.5768150000000003,True
Date Night,55.0,152.26388,5.9,8.443736,False
After.Life,4.5,3.606395,5.4,9.063797000000001,False
The Extraordinary Adventures of Adèle Blanc-Sec,25.0,34.1,5.9,6.710597999999999,False
The Debt,20.0,45.636368,6.2,8.426611,False
Death at a Funeral,21.0,49.050886,5.5,10.863441,False
Hooked on the Game 2. The Next Level,3.5,2.294357,5.1,0.8842409999999999,True
Ip Man 2,12.902809,36.0,7.2,1.9602,True
The Losers,25.0,23.58,6.2,12.798366999999999,False
The Back-Up Plan,35.0,77.477008,5.7,6.629999000000001,False
Behind the Burly Q,0.25,0.023859,5.5,0.38671700000000003,False
Iron Man 2,200.0,623.933331,6.6,19.083344,True
A Nightmare on Elm Street,35.0,115.664037,5.5,10.40191,True
Charlie St. Cloud,44.0,48.190704,6.8,6.273130999999999,False
Glukhar v kino,2.5,1.47703,5.9,0.209434,False
Badmaash Company,6.25,8.5,5.6,1.490661,False
Four Lions,0.967686,4.27,7.1,11.934045,False
The Switch,19.0,49.830607,5.9,5.6954080000000005,False
Last Night,7.0,7.644937,6.1,15.280219,False
Robin Hood,200.0,310.66954,6.2,10.56812,False
Princess Kaiulani,9.0,0.771499,4.8,1.818296,False
Shrek Forever After,165.0,752.600867,6.0,11.803808,True
Of Gods and Men,4.0,41.424067,6.5,4.4768360000000005,False
Prince of Persia: The Sands of Time,150.0,335.154643,6.2,18.459954999999997,False
StreetDance 3D,5.7731,18.14403,6.1,4.290276,True
Carlos,18.0,0.871279,6.7,4.558075,False
Fair Game,22.0,24.188922,6.5,6.3037849999999995,False
My Dear Desperado,0.8,4.214668,6.6,1.049484,False
MacGruber,10.0,6.11,5.1,11.107782,False
Sex and the City 2,100.0,288.347692,5.5,7.255991000000001,True
Singam,2.2,9.7,6.9,1.132835,True
4.3.2.1,4.6,1.163967,5.9,5.805666,False
Animal Kingdom,5.0,1.0,6.7,9.649312,False
Get Him to the Greek,40.0,90.029656,5.9,7.33335,False
Killers,75.0,98.159963,5.7,6.540621,False
Marmaduke,50.0,83.761844,5.0,12.285544999999999,False
Meet Monica Velour,5.0,0.031649,5.5,1.608163,False
The Karate Kid,40.0,357.852395,6.2,11.690781,False
The A-Team,110.0,177.238796,6.2,16.747792999999998,False
Winter's Bone,2.0,13.831503,6.8,7.27941,False
Knight and Day,117.0,261.930431,5.9,12.758942,False
Toy Story 3,200.0,1066.969703,7.6,16.96647,True
71: Into the Fire,10.4,20.96766,7.0,3.106814,False
I Spit on Your Grave,2.0,0.572809,6.3,12.805294,True
Wild Target,8.0,3.453043,6.4,6.712894,False
Raavan,4.5,4.2,4.2,1.160169,False
Monsters,0.5,4.242978,6.2,6.154375,True
Jonah Hex,47.0,10.539,4.5,9.482806,False
The Twilight Saga: Eclipse,68.0,698.491347,5.9,34.047399,True
Grown Ups,80.0,271.430189,6.0,23.981251,True
The Last Airbender,150.0,318.502923,4.7,9.544657,False
Predators,40.0,126.248813,6.0,9.034929,True
It's Kind of a Funny Story,8.0,6.49124,6.9,8.172013,False
Despicable Me,69.0,543.513985,7.1,22.274502,True
The Kids Are All Right,3.5,34.70585,6.5,5.899155,False
Rubber,0.5,0.098017,5.7,5.305905,False
Legend of the Guardians: The Owls of Ga'Hoole,80.0,140.07339,6.5,17.674048000000003,False
The Sorcerer's Apprentice,150.0,215.283742,5.9,12.533525,False
Inception,160.0,825.532764,8.1,29.108148999999997,False
The Secret World of Arrietty,37.0,145.570827,7.4,8.636052000000001,False
Salt,110.0,293.329073,6.2,8.704455000000001,False
Khatta Meetha,7.5,10.0,5.1,0.494047,False
Scott Pilgrim vs. the World,60.0,47.664559,7.2,13.793301000000001,False
Cats & Dogs 2 : The Revenge of Kitty Galore,85.0,112.483764,4.9,7.941636999999999,True
Dinner for Schmucks,69.0,86.387857,5.5,11.623717999999998,False
The Extra Man,7.0,0.453079,5.9,3.18614,False
The Expendables,80.0,274.470394,6.0,14.75562,True
Step Up 3D,30.0,159.291809,6.6,9.111782,True
This is Sodom,2.745,5.85,7.5,0.63535,False
Flipped,14.0,1.755212,7.4,10.279685,False
The Other Guys,100.0,170.432927,6.1,12.536621,False
"Tomorrow, When the War Began",27.0,16.504936,6.2,4.983475,False
Eat Pray Love,60.0,204.594016,5.8,15.904834,False
PEEPLI [Live],2.27,6.9,7.7,2.9272259999999997,False
The Chronicles of Narnia: The Voyage of the Dawn Treader,155.0,415.686217,6.2,12.383398,True
Vampires Suck,20.0,80.547866,4.2,8.129407,True
Piranha 3D,24.0,83.188165,5.3,8.212132,True
Secretariat,35.0,60.251371,6.8,7.681383,False
Hatchet II,2.5,0.052604,5.6,12.525758,True
Howl,0.03,0.617,6.8,5.416588,False
Takers,32.0,69.055695,6.1,7.000421,False
The Last Exorcism,1.8,67.73809,5.6,6.3971089999999995,True
Inhale,10.0,0.055089,6.3,4.163207,False
The American,20.0,65.464324,5.8,7.2756490000000005,False
Going the Distance,32.0,42.045846,6.0,6.876053,False
Machete,20.0,31.327899,6.3,7.120403,True
Wall Street: Money Never Sleeps,70.0,134.748021,5.8,9.819864,True
The Way Back,30.0,20.348249,6.8,9.402082,False
Incendies,6.8,7.103838,7.9,8.596012,False
The King's Speech,15.0,414.211549,7.6,11.260387,False
Super,2.5,0.324138,6.6,8.309635,False
Resident Evil: Afterlife,60.0,300.228084,5.8,0.452934,True
13 Assassins,6.0,17.555141,7.1,9.534232000000001,False
The Virginity Hit,2.0,0.563706,4.6,2.235068,False
Easy A,8.0,74.952305,6.7,15.138144,False
The Conspirator,25.0,15.4788,6.2,5.481452,False
Logan,0.135,0.010474,5.3,0.5888720000000001,False
Late Autumn,6.2,4.82,6.9,1.077252,False
The Romantics,4.5,0.12382,4.8,8.786269,False
Trust,9.5,0.12,6.6,7.778097,False
Vanishing on 7th Street,10.0,1.068682,4.8,8.419427,False
Conviction,12.5,6.73298,7.0,11.024462,False
Beginners,3.2,5.332926,6.8,6.726389999999999,False
Dirty Girl,4.0,0.055125,6.4,10.964499,False
Insidious,1.5,97.00915,6.8,17.24814,True
The Ward,10.0,0.498974,5.8,5.727987000000001,False
Never Let Me Go,15.0,9.455232,6.8,8.278794,False
The Town,37.0,154.026136,7.0,13.081203,False
Sarah's Key,10.0,17.511906,7.2,6.0912239999999995,False
Casino Jack,12.5,1.083683,6.0,8.5508,False
Alpha and Omega,20.0,39.3,5.3,8.16645,True
Catfish,0.03,3.045943,6.5,5.174738,False
Detective Dee and the Mystery of the Phantom Flame,13.0,51.723285,6.5,7.17548,True
You Again,20.0,32.005248,6.0,12.820452000000001,False
Anjaana Anjaani,6.4,5.9,6.1,1.8229400000000002,False
Buried,1.98765,19.15248,6.6,7.389436999999999,False
Pro Lyuboff,2.0,1.268793,4.0,0.12184400000000001,False
The Social Network,40.0,224.920315,7.1,16.972995,False
Stake Land,0.65,0.033245,6.2,7.814255,True
Let Me In,20.0,24.145613,6.7,11.11946,False
Enthiran,26.4,62.0,6.5,4.330396,False
Freakonomics,3.0,0.103735,6.7,2.444847,False
Welcome to the South,4.0,65.584679,6.6,6.700081,True
Life As We Know It,38.0,105.610124,6.6,7.824961999999999,False
Skinning,0.5,0.000198,5.9,1.018477,False
Stone,22.0,9.479718,5.2,11.275132000000001,False
My Soul to Take,25.0,19.829957,5.2,5.282976000000001,False
Inside Job,2.0,7.871522,7.7,10.30535,False
Black Bread,6.0,3.770657,6.9,3.546146,False
RED,58.0,71.664962,6.6,12.595165,True
Everything Must Go,5.0,2.614773,6.0,4.779994,False
Hereafter,50.0,105.197635,5.8,7.942766000000001,False
Jackass 3D,20.0,117.224271,6.4,10.997518,True
Harry Potter and the Deathly Hallows: Part 1,250.0,954.305868,7.5,23.300362,True
West Is West,3.837625,3.867,6.3,0.7496649999999999,True
Little White Lies,25.0,48.53147,7.1,7.594334,False
Paranormal Activity 2,3.0,177.512032,5.7,7.388933,True
Saw: The Final Chapter,20.0,136.150434,5.8,16.626655,True
The Company Men,15.0,4.882577,6.4,5.858803,False
Barney's Version,30.0,8.454301,7.2,7.524794,False
The Other Woman,30.0,102.0,6.0,6.212898,False
Megamind,130.0,321.887208,6.7,11.603905000000001,False
Burke & Hare,10.0,4.349187,6.1,7.787592999999999,False
Troll Hunter,3.5,4.159678,6.7,6.097683999999999,False
The Princess of Montpensier,14.734,6.775121,6.4,2.156145,False
Due Date,65.0,211.780824,6.2,11.73956,False
Unstoppable,100.0,167.805466,6.3,12.697059,False
Another Year,8.0,18.124262,7.0,5.000657,False
127 Hours,18.0,35.69292,7.0,11.176797,False
Don't Be Afraid of the Dark,25.0,36.993168,5.4,8.67817,False
London Boulevard,25.0,4.644108,5.7,11.421915,False
Skyline,10.0,66.821036,4.7,7.676017,False
Tiny Furniture,0.065,0.416498,5.6,2.799356,False
The Next Three Days,30.0,51.148651,6.9,9.591425,False
Love & Other Drugs,30.0,102.820008,6.6,7.575696000000001,False
Faster,24.0,23.081726,6.1,9.014972,False
Burlesque,55.0,89.519773,6.9,9.276539,False
Tangled,260.0,591.794936,7.4,14.684760999999998,True
The Nutcracker: The Untold Story,90.0,16.178959,5.3,3.3949279999999997,False
Space Battleship Yamato,12.0,11.212294,6.3,5.23198,False
Black Swan,13.0,327.803731,7.3,12.989056,False
The Warrior's Way,42.0,11.087569,6.3,5.510805,False
The Tourist,100.0,278.731369,6.0,12.845044999999999,False
New Kids Turbo,1.5,8.786756,6.3,4.330658000000001,True
TRON: Legacy,170.0,400.062763,6.3,21.259,True
Beyond,3.0,4.80008,6.2,0.702712,False
Yogi Bear,80.0,201.584141,5.2,6.598296,False
Six Degrees of Celebration,5.0,22.772019,6.1,2.025505,True
Rabbit Hole,5.0,5.129058,6.8,7.007992999999999,False
The Last Circus,7.0,3.218666,6.6,4.896196,False
The Fighter,25.0,93.617009,7.2,14.141836999999999,False
How Do You Know,120.0,48.668907,4.9,5.458387,False
Little Fockers,100.0,310.650585,5.5,9.739410000000001,True
Country Strong,15.0,20.529194,5.9,4.582024,False
True Grit,38.0,252.276927,7.2,10.730765,False
Gulliver's Travels,112.0,237.382724,4.9,7.565799,False
Blue Valentine,3.5,16.56624,6.9,11.107914,False
Tri bogatyrya i Shamakhanskaya tsaritsa,3.0,19.010585,5.6,1.412333,True
The Last Godfather,13.4,16.7,4.7,1.223071,False
The Good Doctor,6.0,0.005206,5.0,8.278079,False
Season of the Witch,40.0,88.1,5.2,13.471159,False
The Green Hornet,120.0,227.817248,5.5,7.888013000000001,False
The Dilemma,70.0,67.112664,5.2,7.5130669999999995,False
The Mechanic,40.0,51.070807,6.3,9.832342,True
Gnomeo & Juliet,36.0,189.712432,5.8,9.244469,False
Aadukalam,4.0,6.0,6.8,0.372987,False
The Best Movie 3-DE,6.5,9.816332,3.0,0.8774770000000001,True
Shaolin,29.0,33.662874,6.5,5.3112449999999995,False
No Strings Attached,25.0,147.78044,6.1,8.88057,False
Silent House,2.0,13.101672,5.2,10.239941,False
Beastly,17.0,43.165571,5.9,7.364563,False
Life in a Day,0.045202,0.225861,7.3,4.9555419999999994,False
From Prada to Nada,9.3e-05,2.5,5.0,11.096527,False
The Rite,37.0,96.047633,5.8,7.128117,False
Kokowaah,5.65,43.0,6.4,5.24461,True
Chalet Girl,8.0,1.749457,6.4,6.496258999999999,False
On the Hook!,3.0,1.957,4.7,0.44526899999999997,False
Sanctum,30.0,108.60931,5.8,7.000775,False
The Roommate,16.0,40.492759,5.3,8.453292999999999,False
The Eagle,25.0,27.12204,5.9,6.196929,False
Just Go with It,80.0,214.918407,6.3,9.267959,False
Justin Bieber: Never Say Never,13.0,98.441954,4.8,5.892524,False
The Beaver,21.0,0.970816,6.2,5.484379,False
The Devil's Double,19.1,5.728213,6.5,6.681211,False
Coriolanus,7.7,1.072602,5.9,6.9146149999999995,False
Paul,40.0,97.55205,6.5,10.24382,False
Unknown,30.0,130.786397,6.5,14.443598999999999,False
"Big Mommas: Like Father, Like Son",32.0,83.615414,5.3,7.564777,True
I Am Number Four,50.0,144.49283,5.9,9.388376,False
Drive Angry,50.0,28.931401,5.3,7.668829,False
Pina,4.317946,14.624826,7.3,12.452985,False
Hall Pass,36.0,83.160734,5.4,9.13273,False
Rango,135.0,245.724603,6.6,10.581925,False
One Day,15.0,59.389433,7.0,11.239011999999999,False
The Adjustment Bureau,50.2,127.869379,6.5,9.420301,False
Take Me Home Tonight,19.0,6.928068,6.2,8.132811,False
Battle: Los Angeles,70.0,202.466756,5.5,6.7537460000000005,False
Limitless,27.0,161.849455,7.1,12.114955,False
Mars Needs Moms,150.0,38.992758,5.6,7.24717,False
Vipers Nest,3.5,18.0,5.2,1.426776,False
Red Riding Hood,42.0,89.162162,5.7,10.174298,False
The Divide,3.0,0.022,5.7,7.4066089999999996,False
Water for Elephants,38.0,114.15623,6.7,7.649466,False
The Twilight Saga: Breaking Dawn - Part 1,110.0,712.171856,5.8,25.9725,True
Dylan Dog: Dead of Night,20.0,4.634062,4.5,12.763976,False
The Lincoln Lawyer,40.0,85.412898,7.0,6.807442,False
Win Win,10.831173,10.654385,6.7,4.480723,False
The Music Never Stopped,4.0,0.253899,7.3,13.504064999999999,False
Sucker Punch,82.0,89.792502,5.9,13.779526999999998,False
Tanu Weds Manu,0.4,0.252,6.1,1.252133,True
Diary of a Wimpy Kid: Rodrick Rules,21.0,72.417394,6.3,8.425361,True
Hop,63.0,183.953723,5.5,8.904488,False
Source Code,32.0,147.332697,7.1,9.796961999999999,False
Boris - Il film,3.34785,1.248748,6.8,2.906503,False
Rio,90.0,484.63576,6.5,10.403228,True
Hanna,30.0,63.782078,6.5,8.071196,False
Arthur,40.0,45.735397,5.3,9.698075,False
Soul Surfer,18.0,47.08899,6.9,11.009053,False
Thank You,13.1,4.1,5.7,1.417392,False
Your Highness,49.9,26.121638,5.2,5.67375,False
A Lonely Place to Die,4.0,25.345,6.2,6.780752000000001,False
Scream 4,40.0,97.138686,6.1,10.000721,True
Winnie the Pooh,30.0,14.46,6.8,7.3576820000000005,False
Road to Nowhere,5.0,0.027046,5.0,1.744659,False
Atlas Shrugged Part I,15.0,4.627375,5.0,3.4949,True
5 Days of War,20.0,0.017479,5.8,3.174512,False
Bellflower,0.017,0.101236,6.4,7.759376,False
William & Kate,2e-05,1.5e-05,5.8,2.4936380000000002,False
Fast Five,125.0,626.137675,7.1,1.420361,True
Thor,150.0,449.326618,6.6,29.158489000000003,True
Madea's Big Happy Family,25.0,53.213633,6.7,2.5035939999999997,False
Bridesmaids,32.5,288.383523,6.5,6.8109910000000005,False
Prom,8.0,10.13,5.7,6.1676459999999995,False
Hoodwinked Too! Hood VS. Evil,30.0,13.521829,4.8,9.382577000000001,True
Sunny,3.55,48.0,8.0,2.7002330000000003,False
Priest,60.0,78.309131,5.4,8.259952,False
Something Borrowed,35.0,59.901913,5.9,5.47309,False
Jumping the Broom,6.6,37.71061,6.0,2.664211,False
The Ledge,10.0,0.610986,5.9,4.8830849999999995,False
Hobo with a Shotgun,3.0,0.748453,5.7,10.926038,False
Midnight in Paris,30.0,151.119219,7.4,11.43256,False
Attack the Block,14.350531,3.964682,6.3,9.93263,False
Pirates of the Caribbean: On Stranger Tides,380.0,1045.713802,6.4,27.88772,True
The Artist,15.0,133.432856,7.3,11.440947999999999,False
Bad Teacher,20.0,216.197492,5.4,7.3106860000000005,False
The Tree of Life,32.0,54.674226,6.5,11.204539,False
Blitz,15.774948,0.741875,6.0,9.491864999999999,False
X-Men: First Class,160.0,353.624124,7.1,0.738633,True
The Hangover Part II,80.0,254.455986,6.2,21.893532,True
Kung Fu Panda 2,150.0,665.692281,6.7,11.481921,True
Melancholia,7.4,21.817298,7.0,8.124767,False
"Love, Wedding, Marriage",1e-06,0.001378,5.1,4.060122,False
Super 8,50.0,260.095987,6.6,19.529911,False
Judy Moody and the Not Bummer Summer,20.0,14.166853,5.1,2.3213939999999997,False
Cars 2,200.0,559.852396,5.8,13.693001999999998,True
17 Girls,4.141459,0.201607,5.6,5.109329,False
Green Lantern,200.0,219.851172,5.1,13.985631,False
Mr. Popper's Penguins,55.0,187.361754,5.7,15.214342000000002,False
L!fe Happens,0.93,0.030905,5.3,10.114319,False
A Better Life,10.0,1.759252,7.0,3.0337970000000003,False
Transformers: Dark of the Moon,195.0,1123.746996,6.1,4.5035050000000005,True
Larry Crowne,30.0,36.160375,5.7,10.778027999999999,False
Delhi Belly,4.09,18.035,7.0,1.932489,False
Monte Carlo,20.0,17.425,6.0,8.34835,False
1911,30.0,0.108348,5.0,3.8351309999999996,False
Zookeeper,80.0,169.852759,5.3,11.341084,False
The Guard,6.0,19.560274,6.8,11.256636,False
Harry Potter and the Deathly Hallows: Part 2,125.0,1342.0,7.9,24.990737,True
Horrible Bosses,35.0,117.0,6.4,9.856955000000001,True
The Monk,11.0,0.807535,5.8,8.888717999999999,False
Snow Flower and the Secret Fan,0.134005,1.332231,5.3,2.003832,False
Apollo 18,5.0,25.562924,5.0,10.711742,False
Friends with Benefits,35.0,150.483765,6.5,10.009007,False
Pregnant,2.0,8.0,3.1,0.397106,False
Singham,3.062,25.034,7.0,2.07741,True
Another Earth,0.1,1.776935,6.8,8.957372,False
Captain America: The First Avenger,140.0,370.569774,6.6,19.323582000000002,True
Colombiana,40.0,60.965854,6.5,8.062578,False
Cowboys & Aliens,163.0,174.822325,5.4,10.958669,False
"Crazy, Stupid, Love.",50.0,142.851197,7.0,10.246172999999999,False
The Smurfs,110.0,563.749323,5.5,10.219758,True
Rise of the Planet of the Apes,93.0,482.860185,7.0,41.613762,True
The Change-Up,52.0,75.450437,5.9,6.9061449999999995,False
Drive,15.0,78.054825,7.4,15.388875,False
The Help,25.0,124.272124,7.9,7.486117999999999,False
War of the Arrows,8.0,49.0,6.7,7.030308,False
Glee: The Concert Movie,9.0,18.663238,6.9,9.202416,False
30 Minutes or Less,28.0,40.54744,5.6,9.763492999999999,False
Final Destination 5,47.0,157.887643,5.9,12.912491000000001,True
The Awakening,4.798235,0.209696,6.3,9.336568,False
Conan the Barbarian,90.0,48.795021,5.2,10.949076,False
The Skin I Live In,13.0,5.774854,7.4,9.782542,False
Fright Night,17.0,24.922237,6.0,9.665251,True
Spy Kids: All the Time in the World,27.0,85.56431,4.4,9.580214,True
Red State,4.0,1.104682,5.9,6.340655,False
Flypaper,5.0,3.142154,6.2,8.132748,False
Our Idiot Brother,10.0,17.273593,5.9,5.918193,False
Higher Ground,2.0,0.841733,5.3,1.137468,False
Remington and the Curse of the Zombadings,0.022361,0.721651,5.3,0.673247,False
The Three Musketeers,75.0,132.274484,5.6,6.303466,False
Bodyguard,0.00013,8e-06,5.2,2.402032,False
Mankatha,6.1,28.0,5.6,1.145752,False
W.E.,15.0,0.868439,5.8,4.974482,False
Shark Night,28.0,10.126458,4.9,6.062425,False
Kill List,0.5,0.17176,6.0,15.014569,False
Seeking Justice,17.0,12.355798,5.8,10.250997,False
Wuthering Heights,8.0,0.100915,6.0,5.276685,False
The Raid,1.1,4.105187,7.3,10.528833,True
Contagion,60.0,137.551594,6.2,8.244359,False
Elles,4.0,0.911466,5.1,9.921433,False
The Descendants,20.0,177.243185,6.7,11.794753,False
Mere Brother Ki Dulhan,5.51,18.05,6.5,1.8388650000000002,False
Warrior,25.0,23.057115,7.7,13.121626000000001,False
Salmon Fishing in the Yemen,5.0,34.564651,6.3,6.753328,False
Killer Joe,10.0,3.665069,6.4,6.452069,False
"Pink Ribbons, Inc.",0.9,0.025,6.8,0.489328,False
Your Sister's Sister,0.125,3.2,6.5,10.850569,False
"Jeff, Who Lives at Home",10.0,4.41758,6.1,5.872794,False
Johnny English Reborn,45.0,160.078586,6.0,10.668658,True
Straw Dogs,25.0,10.324441,5.5,8.048422,False
Carnage,25.0,27.603069,7.0,8.844835,False
Restless,8.0,0.163265,6.3,6.140556,False
I Don't Know How She Does It,24.0,30.551495,5.0,6.562982000000001,False
Weekend,0.008,0.484592,7.5,4.727171,False
Silenced,2.2,31.5,8.0,4.385574,False
Abduction,35.0,82.087155,5.6,10.512108999999999,False
Moneyball,50.0,110.206216,7.0,15.785663000000001,False
Killer Elite,66.0,57.777106,6.1,8.046632,False
Machine Gun Preacher,30.0,2.527904,6.4,5.877669999999999,False
Dolphin Tale,37.0,95.404397,6.6,6.695228999999999,True
The Ides of March,12.5,75.993061,6.5,6.82647,False
We Need to Talk About Kevin,7.0,6.038942,7.4,5.325574,False
Margin Call,3.5,19.504039,6.7,8.340757,False
Real Steel,110.0,299.268508,6.6,19.265552,False
Margaret,14.0,0.046495,6.1,5.113573000000001,False
What's Your Number?,20.0,30.426096,6.2,6.958086,False
Courageous,1.0,34.522221,6.8,7.666558,False
50/50,8.0,39.187783,7.0,11.869481,False
A Dangerous Method,15.0,27.462041,6.2,9.865944,False
Dream House,50.0,38.50234,5.8,9.995617,False
This Must Be the Place,25.0,11.790979,6.7,10.710830999999999,False
Shame,6.5,17.693675,7.0,11.72049,False
Footloose,24.0,63.543328,6.4,6.162257,False
The Thing,35.0,28.12867,6.0,10.169411,True
The Rum Diary,45.0,24.0,5.6,10.110503999999999,False
Trespass,36.0,9.612469,5.4,9.540381,False
The Big Year,41.0,7.448385,5.6,10.267905,False
A Few Best Men,12.468389,29.007412,5.9,6.116093,True
My Week with Marilyn,6.4,35.057696,6.6,12.203066,False
Paranormal Activity 3,5.0,205.703818,5.9,10.996308,True
Anonymous,30.0,15.395087,6.3,13.413895000000002,False
The Afflicted,0.18,0.175742,4.0,0.43737200000000004,False
The Adventures of Tintin,130.0,371.940071,6.7,19.201504,False
Chicken with Plums,12.0,1.428291,6.8,3.7820699999999996,False
7Aum Arivu,16.0,98.9,6.6,2.2525169999999997,False
The Double,17.0,3.696232,5.8,5.498819,False
La peggior settimana della mia vita,11.0,12.9358,5.9,5.010562999999999,False
In Time,40.0,173.930596,6.7,10.324613000000001,False
Like Crazy,0.25,3.542353,6.5,8.002786,False
Special Forces,10.0,0.010759,6.4,5.3584,False
The Intouchables,13.0,426.480871,8.2,16.086919,False
Tower Heist,75.0,152.930623,5.8,7.762917,False
Setup,20.0,2.128186,4.7,4.850968,False
A Very Harold & Kumar Christmas,19.0,35.387212,6.0,10.724679,True
Haywire,23.0,33.372606,5.6,9.574817,False
J. Edgar,35.0,84.60603,6.0,9.529382,False
Immortals,75.0,226.904017,5.7,10.363671,False
Rockstar,10.92,19.66,7.4,2.009033,False
Jack and Jill,79.0,149.673788,4.0,6.620033,False
Sleepless Night,2.5,0.003358,6.0,2.942355,False
Happy Feet Two,130.0,150.406466,5.8,9.141045,True
Another Happy Day,4.0,0.355688,6.2,3.496577,False
The Muppets,45.0,165.184237,6.5,10.214369,True
Hugo,170.0,185.77016,7.0,14.046164000000001,False
Sherlock Holmes: A Game of Shadows,125.0,334.615,7.0,18.695329,True
Rampart,12.0,0.972512,5.3,5.874878,False
Take Shelter,5.0,3.099314,7.1,5.5968599999999995,False
The Best Exotic Marigold Hotel,10.0,136.836156,6.9,9.23046,True
The Innkeepers,0.75,0.078396,5.4,8.560725999999999,False
Mission: Impossible - Ghost Protocol,145.0,694.71338,6.8,14.258429999999999,True
New Year's Eve,56.0,142.044638,5.7,6.948817999999999,False
The Sitter,25.0,34.942188,5.4,13.105682,False
Louis C.K.: Live at the Beacon Theater,0.25,1.0,8.1,4.2976540000000005,False
Ghost Rider: Spirit of Vengeance,57.0,149.217355,4.7,9.421301,True
Chapiteau-Show,2.0,0.393816,6.8,0.74156,False
The Girl with the Dragon Tattoo,90.0,232.61743,7.2,8.907829,False
Alvin and the Chipmunks: Chipwrecked,75.0,342.695435,5.4,8.066393,True
The Flowers of War,94.0,95.311434,7.1,6.587711,False
Young Adult,12.0,22.939027,5.6,6.142913,False
Black Gold,40.0,5.446,5.9,6.652197,False
Albert Nobbs,8.0,5.634828,6.2,5.379039,False
Black Gold,40.0,5.446,5.9,6.475665,False
The Darkest Hour,30.0,64.626786,4.8,8.127392,False
We Bought a Zoo,50.0,120.081841,6.5,10.563152,False
In the Land of Blood and Honey,10.0,0.303877,5.8,2.7722689999999997,False
Extremely Loud & Incredibly Close,40.0,55.247881,6.9,7.82605,False
War Horse,66.0,177.584879,7.0,8.166363,False
The Iron Lady,13.0,114.956699,6.2,7.421245,False
The Devil Inside,1.0,101.75849,4.6,5.747675,False
Contraband,25.0,63.1,6.1,10.595067,False
Man on a Ledge,42.0,46.221189,6.2,10.528172999999999,False
Welcome to the North,6.0,35.0,5.6,5.219214,True
Underworld: Awakening,70.0,160.112671,6.1,12.345348,True
Red Tails,58.0,50.365377,5.9,7.145835000000001,False
Journey 2: The Mysterious Island,79.0,355.69276,5.8,9.46307,True
Two Rabbits,2.0,1.620436,7.1,2.315249,False
Agneepath,11.097,49.028,6.3,2.589507,False
One for the Money,40.0,36.893721,5.3,6.322435,False
The Grey,25.0,77.278331,6.4,14.31675,False
La Vérité si je Mens ! 3,25.496629,40.924982,5.3,3.81584,True
Chronicle,15.0,145.0,6.6,12.47441,False
The Woman in Black,17.0,127.730736,6.1,8.896678999999999,True
Big Miracle,40.0,24.719215,6.6,6.159379,False
The Vow,30.0,196.11457,7.0,9.524298,False
Safe House,85.0,208.076205,6.3,8.338675,False
Shadow Dancer,6.3,0.419953,5.7,4.38806,False
About Cherry,2.5,0.003003,4.4,5.465669999999999,False
This Means War,65.0,156.974557,5.9,12.366641,False
ATM,3.0,0.00301,5.1,8.950643,False
Wanderlust,35.0,24.159934,5.3,9.295078,False
Act of Valor,12.0,81.272766,6.3,12.159818,False
Sholem Aleichem: Laughing In The Darkness,0.5,0.845188,7.0,0.086226,False
Project X,12.0,100.0,6.5,9.803023,False
The Lorax,70.0,348.840316,6.3,7.689394999999999,False
The Samaritan,12.0,0.002521,5.2,11.52128,False
Red Lights,14.0,13.551174,6.0,11.535478,False
A Thousand Words,40.0,22.044277,6.0,5.446745,False
John Carter,260.0,284.1391,6.1,14.670353,False
The Raven,26.0,29.657751,6.1,7.254242,False
Kahaani,1.2,16.0,7.3,3.174936,False
Bel Ami,9.0,8.303261,5.0,7.720692,False
Iron Sky,7.5,8.135031,5.6,19.561767,True
21 Jump Street,42.0,201.585328,6.7,11.250764,True
The Hunger Games,75.0,691.210692,6.9,20.031667000000002,True
The Pirates! In an Adventure with Scientists!,60.0,118.338361,6.4,10.271517,False
My Way,27.563396,29.19333,6.2,7.847574000000001,False
Mirror Mirror,85.0,183.018522,5.5,14.170182999999998,False
That still Karloson!,4.0,9.938268,3.5,0.712585,False
Wrath of the Titans,150.0,301.0,5.5,7.739903999999999,True
2 Days in New York,8.0,1.653792,5.4,4.68182,True
Dark Tide,25.0,0.432274,4.8,5.405958,False
Sinister,3.0,77.712439,6.8,12.490637,True
A Royal Affair,8.0,7.594693,7.2,8.168448,False
Aquí Entre Nos,1e-06,2.755584,6.0,0.230075,False
HOUBA! On the Trail of the Marsupilami,50.0,48.6,5.0,10.409049000000001,False
American Reunion,50.0,234.989584,6.1,8.10609,True
The Cold Light of Day,20.0,16.863583,4.8,11.112153,False
The Spy,6.0,4.588176,4.6,1.8222459999999998,False
Battleship,209.0,303.025485,5.5,13.106966,False
Lockout,20.0,32.20403,5.8,8.772263,False
The Cabin in the Woods,30.0,66.48608,6.6,14.811957999999999,False
The Three Stooges,30.0,54.819301,4.9,13.371056,False
Think Like a Man,12.0,96.070507,6.9,5.264551,True
Safe,30.0,40.346186,6.3,8.234382,False
The Lucky One,25.0,99.357138,6.8,7.740761999999999,False
To Rome with Love,17.0,73.244881,5.6,7.812646000000001,False
The Avengers,220.0,1519.55791,7.4,89.887648,True
Paradise: Love,3.6,0.024267,6.7,4.6457239999999995,True
Bernie,5.0,9.20647,6.5,5.8751809999999995,False
The Five-Year Engagement,30.0,53.909751,5.7,12.84554,False
The Sessions,1.0,9.138338,6.6,5.760319,False
Grandmaster,0.12,0.13,6.1,0.48542399999999997,False
White Tiger,11.0,7.2,5.9,9.560130000000001,False
Dark Shadows,150.0,245.527149,5.7,10.665859,False
Gabbar Singh,7.0,16.0,5.1,0.7952279999999999,False
Piranha 3DD,5.0,8.493728,4.1,5.6152050000000004,True
The Dictator,65.0,179.379533,5.9,7.446085000000001,False
Moonrise Kingdom,16.0,68.263166,7.6,8.692433,False
Yossi,0.5,0.116207,6.8,1.162001,True
Stolen,35.0,2.106557,5.1,7.759428999999999,False
Rust and Bone,15.4,25.762027,7.1,8.400049000000001,False
What to Expect When You're Expecting,40.0,79.7,5.8,7.271503,False
Laurence Anyways,9.5,0.01225,7.7,8.59498,False
Crooked Arrows,13.0,1.832541,5.6,5.138408999999999,False
Stitches,0.1,0.095,5.5,8.328705000000001,False
On the Road,25.0,8.784318,5.5,7.323283,False
Men in Black 3,225.0,624.026776,6.3,10.684385,True
Cosmopolis,20.5,6.063556,5.1,6.087109,False
Prometheus,130.0,403.170142,6.3,16.624854,True
Snow White and the Huntsman,170.0,396.6,5.8,18.751554000000002,True
For Greater Glory - The True Story of Cristiada,12.0,9.622846,6.4,4.482330999999999,False
Rowdy Rathore,6.7,31.0,5.6,1.312833,False
Madagascar 3: Europe's Most Wanted,145.0,746.921274,6.4,13.829042000000001,True
Eega,5.99,19.45,6.7,8.615159,False
Safety Not Guaranteed,0.75,4.007792,6.8,7.067494,False
Rock of Ages,75.0,59.418613,6.0,12.558042,False
That's My Boy,70.0,58.058367,5.5,8.923755,False
Foodfight!,65.0,0.073706,2.3,6.693589,False
Abraham Lincoln: Vampire Hunter,69.0,112.265139,5.5,7.922636,False
Brave,185.0,538.983207,6.7,15.876341,False
Lay the Favorite,26.35,1.576687,4.9,5.153137999999999,False
Gangs of Wasseypur,1.4,4.1,7.0,9.777219,True
Seeking a Friend for the End of the World,10.0,9.636289,6.3,6.947533,False
Ice Age: Continental Drift,95.0,877.244782,6.2,13.26958,True
Bikini Spring Break,0.5,0.5,3.8,1.946823,False
The Amazing Spider-Man,215.0,752.215857,6.5,31.102266999999998,True
Katy Perry: Part of Me,12.0,32.726956,6.5,8.960713,False
Magic Mike,7.0,167.221571,6.1,8.732425,True
Ted,50.0,549.368315,6.3,19.638605,True
Beasts of the Southern Wild,1.8,21.107746,6.8,5.550496,False
People Like Us,16.0,12.434778,6.6,14.906621,False
Amour,8.9,29.844753,7.5,7.663947,False
A Coffee in Berlin,0.3,2.750275,7.0,7.906219999999999,False
Savages,45.0,82.966152,6.2,13.248022,False
Cocktail,6.4,18.8,6.2,7.950488000000001,False
2016: Obama's America,2.5,33.4,4.6,1.221216,False
The Dark Knight Rises,250.0,1084.939099,7.6,20.58258,True
The Watch,68.0,68.267862,5.3,13.276971,False
Step Up Revolution,33.0,140.470746,6.7,7.859967999999999,True
Diary of a Wimpy Kid: Dog Days,22.0,77.112176,6.0,10.225555,True
Total Recall,125.0,198.802074,5.8,16.42635,False
ParaNorman,60.0,107.139399,6.7,10.425038,False
Bachelorette,3.0,11.947954,5.3,10.893224,False
Hope Springs,30.0,114.281051,5.8,7.255300999999999,False
The Bourne Legacy,130.0,276.572938,6.0,14.89499,True
The Expendables 2,100.0,312.573423,6.1,14.881566000000001,True
The Bullet Vanishes,12.0,0.117629,6.0,1.6754060000000002,False
Robot & Frank,2.5,3.325038,6.8,9.291494,False
Sparkle,14.0,24.637469,5.8,2.2438599999999997,False
Hit & Run,2.0,14.4,5.5,7.148558,False
The Apparition,17.0,9.627492,4.5,7.683008,False
Premium Rush,35.0,31.083599,6.2,5.654783999999999,False
The Hunt,3.8,16.8,7.9,8.462800999999999,False
Lawless,26.0,53.67658,6.8,7.968423,False
The Possession,14.0,85.446075,5.8,7.2864770000000005,False
"Tad, the Lost Explorer",10.5,23.0,5.6,11.003515,False
"For a Good Time, Call...",0.85,1.243961,5.8,10.378756,False
The Act of Killing,1.0,0.444575,7.5,6.373118,False
Fire with Fire,20.0,4.636169,5.6,10.999209,False
The Iceman,20.0,1.969193,6.4,13.132126999999999,False
Love Is All You Need,5.5,10.016934,6.2,4.711231,False
Pieta,0.103,3.62333,6.9,5.194433,False
Voracious,0.011178,0.034659,8.0,0.079287,False
Captive,0.01118,0.024591,5.9,0.6609689999999999,False
The Master,32.0,28.25806,7.0,8.074218,False
Seven Psychopaths,15.0,19.422261,6.7,9.643538000000001,False
Dredd,50.0,41.037742,6.6,12.1524,False
The Words,6.0,13.231461,6.4,6.089971,False
Silver Linings Playbook,21.0,205.738714,7.0,14.488110999999998,False
Quartet,11.0,59.520298,6.4,6.93228,False
Byzantium,10.0,0.089237,6.1,6.794969999999999,False
The Impossible,42.0,180.274123,7.0,10.027434,False
The Lords of Salem,1.5,1.165882,5.1,9.981121,False
The Sweeney,3.7305,6.294161,5.7,5.311336,False
Disconnect,10.0,3.428048,6.9,12.18812,False
Resident Evil: Retribution,65.0,240.159255,5.6,0.948759,True
Smashed,0.5,0.376597,6.3,4.8938120000000005,False
Aftershock,2.0,0.05851,5.3,8.367858,False
Twice Born,13.0,0.018295,6.9,5.849716,False
English Vinglish,2.84,11.62,7.3,3.6114370000000005,False
Barfi,4.437508,2.804874,7.2,3.7790769999999996,False
The Paperboy,12.5,1.353868,5.4,5.526878,False
Arbitrage,12.0,35.485056,6.1,5.808496,False
The Perks of Being a Wallflower,13.0,33.4,7.7,12.775679,False
Hotel Transylvania,85.0,358.375603,6.8,16.231945,True
Killing Them Softly,15.0,37.930465,5.8,6.7773259999999995,False
End of Watch,7.0,48.126384,7.2,7.452789999999999,False
House at the End of the Street,6.9,44.287131,5.6,8.513457,False
Promised Land,15.0,8.138788,6.0,7.06378,False
Looper,30.0,47.042,6.6,12.727269,False
Taken 2,45.0,376.141306,6.1,16.376482,True
Upside Down,60.0,8.106475,6.2,7.37535,False
Pitch Perfect,17.0,115.350426,7.3,11.03595,True
Frankenweenie,39.0,35.287788,6.6,10.296047,False
Soulless,2.8,13.21898,5.5,1.8237740000000002,True
Universal Soldier: Day of Reckoning,11.5,1.402307,5.1,12.887286999999999,True
Silent Hill: Revelation 3D,20.0,52.302796,5.1,5.745206,True
Argo,44.5,232.324128,7.1,14.238234,False
The Snow Queen,7.0,12.4,5.1,6.407641,True
A Company Man,3.5,7.339398,6.6,6.261686,False
Zaytoun,8.0,0.04233,6.6,3.5497379999999996,False
Paranormal Activity 4,5.0,142.817992,5.2,6.188286,True
Alex Cross,45.0,30.353232,5.1,8.279285,True
Pizza,0.24,2.8,5.5,0.602301,False
Best Man Down,1.5,0.001938,6.1,5.875708,False
Skyfall,200.0,1108.561013,6.9,20.309585000000002,True
Fun Size,14.0,11.417362,5.5,6.891823,False
Cloud Atlas,102.0,130.482868,6.6,13.494245999999999,False
Wreck-It Ralph,165.0,471.222889,7.1,13.697597,True
Rita's Last Fairy Tale,0.2,0.486937,7.4,0.560685,False
Burn,0.225,0.1113,7.1,0.466236,False
The Man with the Iron Fists,15.0,15.608545,5.2,8.310945,True
Flight,31.0,161.772375,6.5,10.973822,False
Redd Inc.,0.5,1.0,5.5,5.411012,False
Deadfall,12.0,0.066351,5.6,8.435294,False
Lincoln,65.0,275.29345,6.7,10.680330999999999,False
The Precocious and Brief Life of Sabina Rivas,4.62,2.395,5.0,0.546165,False
The Twilight Saga: Breaking Dawn - Part 2,120.0,829.0,6.1,26.080995,True
Life of Pi,120.0,609.016565,7.2,14.045042,False
Rise of the Guardians,145.0,306.94167,7.1,10.943775,False
Red Dawn,65.0,44.806783,5.3,5.6277870000000005,False
The Hobbit: An Unexpected Journey,250.0,1021.103568,7.0,23.253089000000003,True
Tutto tutto niente niente,5.57975,8.9276,4.8,2.2089060000000003,True
Lost in Thailand,2.2,208.0,6.1,1.789133,False
Ernest & Celestine,12.516654,8.10916,7.6,7.225778999999999,False
Les Misérables,61.0,441.80977,7.2,13.52408,False
Zero Dark Thirty,40.0,132.820716,6.7,9.649303,False
The Guilt Trip,40.0,41.863726,5.4,7.479014,False
This Is 40,35.0,88.058786,5.6,11.418802000000001,False
Jack Reacher,60.0,218.340595,6.3,12.789812,True
The Guillotines,15.0,0.00529,5.4,2.080781,False
Not Fade Away,20.0,0.610792,5.4,2.688548,False
The Worst Christmas of My Life,6.8435,10.703234,5.5,3.8000730000000003,False
Parental Guidance,25.0,119.772232,5.8,11.746053,False
Django Unchained,100.0,425.368238,7.8,19.785025,False
Maniac,6.0,0.031081,5.9,8.804658,False
"Mommies, Happy New Year!",2.0,11.666088,5.3,1.456046,True
Movie 43,6.0,32.438988,4.5,10.895427,False
The Best Offer,13.5,19.255873,7.7,8.995603,False
Phantom,10.0,1.034589,5.5,6.651567,False
Texas Chainsaw 3D,20.0,47.241945,5.3,7.214828,True
The Grandmaster,3.86,64.076736,6.3,8.959821,False
Gangster Squad,60.0,105.200903,6.2,8.581558,False
A Haunted House,2.5,60.141683,5.4,6.531373,True
Hansel & Gretel: Witch Hunters,50.0,224.803475,5.7,10.337211,False
Mama,15.0,146.497771,6.0,16.018525,False
The Hijack That Went South,1.8,0.532269,5.6,0.474578,False
Broken City,56.0,19.701164,5.7,12.136158,False
Parker,35.0,46.216641,5.7,13.963892000000001,False
Sweetwater,7.0,0.006147,6.0,5.799861,False
Spring Breakers,5.0,31.724284,5.0,14.830235,False
Vishwaroopam,17.0,51.0,5.5,1.542355,False
The Berlin File,9.0,48.96521,6.5,7.453745,False
Bullet to the Head,55.0,9.489829,5.2,8.26008,False
Warm Bodies,35.0,116.980662,6.4,10.430238000000001,False
A Good Day to Die Hard,92.0,304.654182,5.2,12.471865,True
Side Effects,30.0,63.372757,6.4,11.645847,False
Special 26,7.1,18.0,6.9,2.78114,False
Safe Haven,28.0,97.59414,6.9,7.598422,False
Identity Thief,35.0,173.96501,5.6,7.321172,False
Beautiful Creatures,60.0,60.052138,5.6,20.485203,False
Long Live Freedom,5.0,0.048125,7.2,2.5130779999999997,False
Escape from Planet Earth,40.0,74.597643,5.7,11.617481,False
Snitch,35.0,42.930462,5.8,13.542675,False
Dark Skies,3.5,25.174316,6.1,26.972326000000002,False
Jack the Giant Slayer,195.0,197.687603,5.5,11.606061,False
Hard to Be a God,7.0,1.310673,6.7,5.921772,False
The Last Exorcism Part II,5.0,15.179302,4.4,5.874458,True
Stoker,12.0,12.077441,6.5,7.222816000000001,False
21 & Over,13.0,48.065672,5.7,11.293560000000001,False
Oz: The Great and Powerful,200.0,491.868548,5.7,11.137329,False
I'm So Excited!,5.0,11.724119,5.8,6.757549000000001,False
No One Lives,2.9,0.074918,5.5,7.202832000000001,False
Camille Claudel 1915,3.512454,0.11586,7.0,0.13401400000000002,False
Camille Claudel 1915,3.512454,0.11586,7.0,0.11006500000000001,False
The Call,13.0,68.572378,6.6,8.611077,False
The Incredible Burt Wonderstone,30.0,27.437881,5.3,9.385769,False
Welcome to the Punch,8.5,0.009747,5.7,7.67857,False
The Croods,135.0,585.178928,6.8,14.757874,True
The Place Beyond the Pines,15.0,35.485608,6.8,7.4926580000000005,False
Olympus Has Fallen,70.0,161.02564,6.2,10.978188000000001,True
Finding Mr. Right,4.881,81.35,6.3,2.32186,False
Amen,0.11,0.27,6.9,1.104156,False
Admission,13.0,18.0,5.5,10.098539,False
The Host,44.0,63.327201,6.0,11.342024,False
G.I. Joe: Retaliation,130.0,371.876278,5.4,10.560608,True
Trance,20.0,24.261569,6.5,7.876299,False
Adore,16.0,0.318982,6.1,12.260159,False
Lootera,4.1,4.3,6.6,1.296259,False
Evil Dead,17.0,97.542952,6.4,12.01525,False
Before Midnight,3.0,11.176469,7.3,11.303239999999999,True
Upstream Color,0.1,0.444098,6.5,8.003815,False
Oblivion,120.0,286.168572,6.4,14.654053,False
Scary Movie 5,20.0,78.378744,4.6,14.27281,True
42,40.0,95.020213,6.8,11.637224,False
Pain & Gain,25.0,86.175291,6.1,9.218002,False
Iron Man 3,200.0,1215.439994,6.8,23.721242999999998,True
Home Run,1.2,2.86102,6.3,1.4724629999999999,False
The Big Wedding,35.0,21.819348,5.7,6.651605,False
Aashiqui 2,1.3,16.0,6.8,2.831069,True
Mud,10.0,21.5877,7.0,7.8815789999999994,False
Soodhu Kavvum,0.31,12.0,7.0,1.217786,False
What Maisie Knew,6.0,1.066471,7.4,8.535611,False
Star Trek Into Darkness,190.0,467.365246,7.4,15.78129,True
Fast & Furious 6,160.0,788.67985,6.7,1.6576369999999998,True
Hummingbird,20.0,8.352885,5.9,8.801032000000001,False
The Great Gatsby,105.0,351.040419,7.3,17.598936,False
Epic,100.0,268.426634,6.4,11.913405000000001,False
The Past,11.0,10.631747,7.1,9.166555,False
The Great Beauty,12.4,8.371085,7.3,8.176134,False
The Hangover Part III,103.0,362.000072,6.0,25.085639,True
On the Job,1.052753,0.466088,6.2,2.934298,False
Behind the Candelabra,23.0,15.6,6.6,7.3394509999999995,False
Now You See Me,75.0,117.698894,7.3,17.852022,True
Only God Forgives,4.8,10.337387,5.6,6.069475,False
After Earth,130.0,243.843127,5.0,10.747641999999999,False
The East,6.5,2.40151,6.5,6.53667,False
Yeh Jawaani Hai Deewani,7.7,46.0,7.1,4.262544,False
The Purge,3.0,89.328627,6.0,23.207663,True
The Way Way Back,4.6,23.198652,7.1,10.342737,False
The Internship,58.0,44.0,6.1,0.393865,False
Man of Steel,225.0,662.845518,6.5,18.538834,True
The Bling Ring,15.0,19.145732,5.3,7.913028999999999,False
This Is the End,32.0,126.041322,6.2,11.414048,False
Legends of Oz: Dorothy's Return,70.0,18.662027,5.8,6.660309,False
World War Z,200.0,531.865,6.7,26.114917000000002,True
Monsters University,200.0,743.559607,7.0,16.267502,True
Raanjhanaa,6.4,18.0,6.3,1.8561009999999998,False
Despicable Me 2,76.0,970.761885,7.0,24.82355,True
White House Down,150.0,205.366737,6.3,9.920223,False
The Heat,43.0,158.67418,6.5,12.706403,False
The Lone Ranger,255.0,89.28991,5.9,12.729104,False
The Immigrant,16.0,5.867686,6.2,6.985914999999999,False
Hunting Elephants,2.3,4.5,6.2,1.0506440000000001,False
Man of Tai Chi,25.0,2.054941,5.8,11.829231,False
Grown Ups 2,80.0,246.984278,5.8,9.411725,True
Turbo,135.0,282.570682,6.1,8.979753,False
Pacific Rim,180.0,407.602906,6.7,33.949359,True
Bhaag Milkha Bhaag,4.6,25.0,7.3,4.342418,False
Kick-Ass 2,28.0,60.7,6.3,13.570264000000002,True
R.I.P.D.,130.0,61.6485,5.4,9.369679,False
Underdogs,22.0,24.0,6.0,14.347930999999999,False
The Conjuring,13.0,318.000141,7.4,14.901689999999999,True
The World's End,20.0,46.089287,6.7,9.830382,False
The Frozen Ground,27.22,5.496951,6.1,12.388833,False
Khumba,20.0,27.187375,5.8,5.219666999999999,False
Instructions Not Included,5.5,99.067206,7.5,6.5078949999999995,False
The Wind Rises,30.0,117.932401,7.7,9.310866,False
The Wolverine,120.0,415.440673,6.3,3.9182870000000003,True
Alan Partridge: Alpha Papa,4.0,9.8,6.5,10.130541000000001,False
The To Do List,1.5,3.566225,5.5,7.081403999999999,False
Blue Jasmine,18.0,99.206215,7.0,12.61244,False
The Canyons,0.25,0.056825,4.1,4.281631,False
The Smurfs 2,105.0,347.434178,5.5,10.640864,True
Snowpiercer,39.2,86.758912,6.7,14.131905999999999,False
2 Guns,61.0,131.940411,6.6,13.336511999999999,False
The Spectacular Now,2.5,6.854611,6.8,8.098964,False
Percy Jackson: Sea of Monsters,90.0,174.578751,5.9,10.338222,True
Make Your Move,1.5e-05,0.000122,6.2,6.792607,False
Elysium,115.0,286.1407,6.4,15.232738000000001,False
We're the Millers,37.0,269.994119,6.8,18.474368,True
Lovelace,10.0,1.585582,6.0,6.3835120000000005,False
Chennai Express,18.0,62.0,6.5,4.19356,False
In a World...,1.0,2.963902,6.4,9.769134,False
Planes,50.0,219.788712,5.7,11.604181,True
Paranoia,35.0,13.785015,5.6,7.249581,False
Austenland,4.9,2.159041,6.6,8.076305,False
Jobs,12.0,35.93141,6.0,14.294019,False
The Butler,25.0,115.922175,7.2,11.061894,False
About Time,12.0,87.100449,7.8,11.213913,False
The Mortal Instruments: City of Bones,60.0,90.565421,6.2,14.336186999999999,False
Blood Ties,25.5,2.415472,6.0,14.934555,False
Madras Cafe,5.4,6.5,6.9,2.39989,False
Getaway,18.0,10.501938,4.9,13.224288,False
Wolf Creek 2,8.0,9.630444,5.9,6.842107,True
Of Horses and Men,1e-05,1.1e-05,6.9,2.8614509999999997,False
Rush,38.0,90.247624,7.7,10.63552,False
Riddick,38.0,98.337295,6.2,9.596377,True
The Sacrament,4.0,0.009221,5.6,5.350658,False
Empire State,11.0,3.639345,4.9,9.003792,False
Bad Words,9.5,7.8,6.4,5.8471660000000005,False
Space Pirate Captain Harlock,30.0,17.137302,6.4,7.857666,True
Dallas Buyers Club,5.0,55.198285,7.9,14.785719,False
Begin Again,8.0,63.464861,7.3,10.289628,False
What If,11.0,7.847,6.7,10.841891,False
Belle,10.9,16.50546,7.2,13.454169,False
Oculus,5.0,44.030246,6.3,8.698042999999998,False
Third Person,28.0,1.749201,5.8,8.808328,False
Jimmy P.,10.0,0.030283,6.0,4.50333,False
Machete Kills,12.0,15.008161,5.3,9.251084,True
Grand Masti,5.5,47.0,4.6,1.250293,True
The Family,30.0,36.894225,6.1,8.047735000000001,False
Life of Crime,12.0,0.265452,5.5,17.788579000000002,False
Prisoners,46.0,122.126687,7.9,11.96262,False
Diana,15.0,21.766271,5.3,5.348746,False
The Lunchbox,1.0,4.235151,7.3,10.766409,False
Battle of the Year,20.0,16.549477,5.9,5.0739,False
Nebraska,12.0,17.654912,7.4,11.160699000000001,False
Filth,5.0,9.114264,6.8,14.970485,False
Runner Runner,30.0,62.616646,5.5,8.864607000000001,False
Metallica: Through the Never,18.0,7.972967,6.7,5.229975,False
Cloudy with a Chance of Meatballs 2,78.0,248.384621,6.4,14.412060999999998,True
Nothing Left to Fear,3.0,1.675381,4.6,5.317284,False
Gravity,105.0,716.392705,7.3,18.50194,False
Baggage Claim,8.5,22.456509,5.6,5.590678,False
Nurse 3-D,1e-05,10.0,4.9,5.192042,False
Parkland,10.0,0.653651,5.8,6.71518,False
Inside Llewyn Davis,11.0,32.935319,7.2,10.838063,False
Escape Plan,50.0,122.915111,6.7,14.191610999999998,False
Stalingrad,30.0,68.129518,5.7,0.5951960000000001,False
Blue Is the Warmest Color,4.3,10.165694,7.2,4.938148,False
Delivery Man,26.0,51.164106,6.2,13.548808,False
Captain Phillips,55.0,95.0,7.6,13.776067999999999,False
CBGB,5.0,0.0404,6.5,3.7117720000000003,False
The Fifth Estate,28.0,8.555008,5.7,10.850442,False
Mindscape,4.357373,1.2,6.5,10.860471,False
Carrie,30.0,82.394288,5.8,18.399055,False
The Young and Prodigious T.S. Spivet,33.0,9.494789,6.7,6.839535000000001,False
Gimme Shelter,7.5,1.35991,6.4,5.636855000000001,False
All Is Lost,9.0,6.10872,6.6,12.74965,False
12 Years a Slave,20.0,187.0,7.9,30.316249,False
Lucia,0.079,0.17,6.8,0.449582,False
Bad Grandpa,15.0,151.831537,6.0,8.000867,True
Ender's Game,110.0,125.537191,6.6,12.500305,False
The Counselor,25.0,71.009334,5.0,14.723645999999999,False
Ida,2.15928,15.298355,7.1,8.651053,False
The Face of Love,4.0,0.350006,5.9,2.999052,False
Thor: The Dark World,170.0,644.571402,6.8,34.905446999999995,True
Free Birds,55.0,110.0,5.7,7.7132309999999995,False
Arrambam,9.2,21.0,6.0,0.882864,False
Last Vegas,28.0,134.40245,6.4,9.157369000000001,False
Philomena,12.0,100.129872,7.4,6.927182000000001,False
A Perfect Man,5.0,0.000388,4.8,1.7402419999999998,False
Ragnarok,6.5,3.721345,5.7,11.365247,False
Oldboy,30.0,4.861022,5.9,7.882353,False
The Best Man Holiday,17.0,71.625195,6.7,6.102021,True
The Hunger Games: Catching Fire,130.0,847.423452,7.4,25.309139000000002,True
Saving Mr. Banks,35.0,112.54458,7.3,15.130888,False
Minuscule: Valley of the Lost Ants,19.7,30.0,6.6,6.583428,False
The Tale of the Princess Kaguya,49.3,24.186232,8.0,7.566053,False
Black Nativity,17.5,7.018189,5.8,5.346121,False
Homefront,22.0,43.058898,6.4,9.896704,False
Frozen,150.0,1274.219009,7.3,24.248243,True
The Adventurer: The Curse of the Midas Box,25.0,0.006399,5.1,5.955203,False
Lucky Island,2.0,4.803665,4.5,0.536756,False
47 Ronin,175.0,150.962475,5.9,14.889370000000001,False
Mandela: Long Walk to Freedom,35.0,27.33,6.5,11.318079,False
Out of the Furnace,22.0,15.4,6.5,6.760321,False
The Hobbit: The Desolation of Smaug,250.0,958.4,7.6,20.644776,True
American Hustle,40.0,251.171807,6.8,16.478036,False
F.C. De Kampioenen: Kampioen zijn blijft plezant,3.849796,7.471304,6.3,0.8521860000000001,True
Her,23.0,47.351251,7.9,13.829514999999999,False
Anchorman 2: The Legend Continues,50.0,173.649015,6.0,7.600751,True
Walking With Dinosaurs,80.0,126.546518,5.2,8.883866000000001,False
Dhoom 3,19.5,91.0,6.0,5.326716,True
The Secret Life of Walter Mitty,90.0,188.133322,7.0,8.684892,False
Drishyam,0.75,12.0,8.1,1.9087610000000002,False
Lone Survivor,40.0,149.295601,7.4,10.855502,False
The Physician,32.0,57.284237,7.2,13.332386999999999,False
The Wolf of Wall Street,100.0,392.000694,7.9,16.382422000000002,False
Grudge Match,40.0,44.90726,6.0,11.655588,False
August: Osage County,25.0,74.188937,6.9,6.954296,False
The Railway Man,18.0,22.309223,6.7,6.0994209999999995,False
Labor Day,18.0,20.275812,6.7,6.108646,False
Faster than Rabbits,3.0,5.279982,6.3,1.14731,True
Paranormal Activity: The Marked Ones,5.0,86.362372,5.2,8.898522999999999,True
The Zero Theorem,8.5,0.770706,5.9,10.990614,False
Ride Along,25.0,153.997819,6.1,9.895752,True
Devil's Due,7.0,36.433975,4.4,10.591125,False
Yves Saint Laurent,12.0,21.02629,6.4,4.7262379999999995,False
Human Capital,6.0,5.80933,7.4,7.217205,False
The Legend of Hercules,70.0,61.279452,4.4,6.599539,False
Veeram,5.9,19.0,5.8,1.915168,False
Jack Ryan: Shadow Recruit,60.0,50.549107,5.9,11.234862,True
Wish I Was Here,5.5,5.483299,6.4,6.1492949999999995,False
Infinitely Polar Bear,6.7,1.430655,6.9,6.502973,False
A Girl Walks Home Alone at Night,1.0,0.395,6.9,6.039895,False
Song One,6.0,0.032251,5.5,6.743182000000001,False
"I, Frankenstein",65.0,71.154592,5.1,9.415817,False
The Monuments Men,70.0,154.984035,5.8,11.132411,False
Non-Stop,50.0,222.8096,6.8,19.650229,False
That Awkward Moment,8.0,26.049082,6.1,8.060402999999999,False
RoboCop,120.0,242.688965,5.7,10.246549,True
Forbidden Kingdom,26.0,34.592118,4.9,5.653476,True
Justice League: War,3.5,5.155325,7.0,8.138622,True
Barefoot,6.0,0.015071,6.3,5.939334,False
The Lego Movie,60.0,469.160692,7.5,16.418132999999997,True
Mr. Peabody & Sherman,145.0,272.91243,6.7,9.493838,False
Ohm Shanthi Oshaana,0.22,1.5,6.9,0.633359,False
Aloft,8.0,0.053086,5.1,3.8516529999999998,False
Endless Love,20.0,34.07792,6.7,8.757277,False
Beauty and the Beast,33.0,49.1,5.8,19.628834,False
Winter's Tale,60.0,30.800231,6.0,7.363527,False
About Last Night,12.5,49.002684,6.0,9.543004,False
3 Days to Kill,28.0,52.597999,6.0,17.861119,False
Pompeii,130.0,117.831631,5.2,12.204174,False
The Grand Budapest Hotel,30.0,174.600318,8.0,14.442048000000002,False
Easy on the Eyes,2.153912,4.86456,3.9,0.334881,False
Son of God,22.0,67.800064,5.9,6.477291999999999,False
Repentance,5.0,1.189612,5.1,1.9628729999999999,False
300: Rise of an Empire,110.0,337.580051,6.1,12.904677000000001,True
Need for Speed,66.0,203.277636,6.1,18.271383,False
Veronica Mars,6.0,3.485127,6.5,7.510159,False
Better Living Through Chemistry,5.0,0.075143,5.9,7.392294000000001,False
Under the Skin,13.3,5.380251,6.0,6.707974,False
Divergent,85.0,288.747895,6.9,21.572585,True
The Signal,4.0,0.600896,5.8,8.536786,False
Rio 2,103.0,500.188435,6.3,8.18534,True
Muppets Most Wanted,50.0,80.38329,6.2,7.244956,True
Captain America: The Winter Soldier,170.0,714.766572,7.6,18.717704,True
Noah,125.0,362.637473,5.5,14.924487,False
God's Not Dead,17.0,29.789,5.9,6.097499,True
50 to 1,10.0,1.064454,5.7,2.691651,False
Parts Per Billion,0.5,15.0,4.4,8.279917,False
Moms' Night Out,5.0,10.429707,5.5,6.127301999999999,False
The Raid 2,4.5,2.627209,7.6,8.434884,True
Sabotage,35.0,17.508518,5.5,6.966505000000001,False
The Quiet Ones,0.2,17.834867,5.1,6.322844,False
Afflicted,0.318,0.121179,6.4,8.932319999999999,False
Locke,2.0,4.6353,6.9,12.792394,False
Draft Day,25.0,28.831145,6.5,5.596449,False
Joe,4.0,2.365467,6.5,13.784410999999999,False
Heaven is for Real,12.0,101.332962,6.1,7.883710000000001,False
Transcendence,100.0,103.039258,5.9,9.730176,False
The Amazing Spider-Man 2,200.0,705.717432,6.5,26.23687,True
The Other Woman,40.0,196.781193,6.2,9.389353999999999,False
Black Rose,7.0,0.85545,2.0,2.482771,False
13 Sins,5.0,0.013809,6.2,9.067788,False
Brick Mansions,28.0,68.896829,5.7,7.482958999999999,False
Barbecue,6.0,14.348529,5.8,4.707275,False
Decoding Annie Parker,2.0,0.04839,5.5,3.8805410000000005,False
Walk of Shame,15.0,0.059209,5.8,7.844705,False
Neighbors,18.0,268.1574,6.2,11.90575,True
Chef,11.0,45.967935,7.2,8.720309,False
Million Dollar Arm,25.0,38.307627,6.6,9.453942,False
Godzilla,160.0,529.076069,6.1,14.019239,False
X-Men: Days of Future Past,250.0,747.862775,7.5,26.058586,True
The Fault in Our Stars,12.0,307.166834,7.6,16.274653,False
The Rover,12.25,2.295423,6.1,6.561373,False
The Homesman,16.0,3.442853,6.4,7.375146000000001,False
Foxcatcher,24.0,12.0963,6.5,8.10357,False
Blended,40.0,123.49461,6.6,10.395472,False
"Two Days, One Night",7.0,6.860853,6.8,6.868022,False
The Salvation,10.5,42.07,6.2,8.253705,False
The Babadook,2.0,6.676471,6.5,8.832788,False
Mommy,4.9,3.49407,8.2,14.876085999999999,False
Heropanti,4.2,10.0,5.4,2.031919,False
Edge of Tomorrow,178.0,370.541256,7.6,31.982986,False
Maleficent,180.0,758.539785,7.0,19.467404000000002,False
Bangalore Days,7.4,1.3,7.4,0.9555959999999999,False
The Grand Seduction,12.7,3.430018,6.7,15.108282999999998,False
French Women,5.0,12.058187,5.6,6.976069,False
22 Jump Street,50.0,188.441614,7.0,10.901496,True
Boyhood,4.0,44.349,7.5,6.430591000000001,False
All at Once,0.75,3e-06,6.0,0.20158199999999998,False
Jersey Boys,40.0,67.347013,6.8,6.447072,False
How to Train Your Dragon 2,145.0,609.123048,7.6,12.256689,True
White God,2.2,0.282358,6.6,6.313465,False
Earth to Echo,13.0,45.3,5.7,12.412221,False
Think Like a Man Too,24.0,70.181428,6.3,7.576924000000001,True
Transformers: Age of Extinction,210.0,1091.405097,5.8,18.495599,True
Dawn of the Planet of the Apes,170.0,710.644566,7.3,75.385211,True
Mrs. Brown's Boys D'Movie,5.9,23.0,4.7,1.840891,False
Tammy,20.0,100.525432,5.0,7.359522,False
Lucy,40.0,126.546825,6.3,36.447603,False
Step Up All In,45.0,86.165646,6.7,8.588925999999999,True
The Purge: Anarchy,9.0,108.782847,6.6,27.756026000000002,True
Sex Tape,40.0,126.069509,5.2,27.470696000000004,False
Planes: Fire & Rescue,50.0,151.165787,5.8,7.579855,True
Duniyadari,0.39,3e-06,0.0,0.016219,False
And So It Goes,18.0,25.312387,5.7,7.696839999999999,False
Hercules,100.0,243.4,5.6,19.606895,False
Kick,22.0,55.0,6.0,7.366331,False
A Most Wanted Man,15.0,31.554855,6.5,10.432407000000001,False
Magic in the Moonlight,16.8,51.029361,6.5,6.626077,False
Guardians of the Galaxy,170.0,773.328629,7.9,53.291601,True
The Admiral: Roaring Currents,9.5,112.156811,7.0,5.062755999999999,False
The Expendables 3,90.0,206.172544,6.1,14.753545,True
The Hundred-Foot Journey,22.0,88.880821,7.3,14.466789000000002,False
Into the Storm,50.0,160.602194,5.8,9.092925,False
Teenage Mutant Ninja Turtles,125.0,477.2,5.8,22.337973,True
Stand by Me Doraemon,35.0,83.061158,7.0,6.493765,True
The Giver,25.0,66.980456,6.4,12.472206,False
Let's Be Cops,17.0,136.621271,6.4,15.962793,False
"As Above, So Below",5.0,40.1,6.1,10.846585000000001,False
Life After Beth,2.4,0.088273,5.0,5.486893,False
Clouds of Sils Maria,6.6,1.851517,6.7,8.151346,False
Sin City: A Dame to Kill For,65.0,39.407616,6.3,20.623642,True
"Kidnapping, Caucasian Style",3.5,0.179,1.7,0.5246529999999999,False
If I Stay,11.0,78.874843,7.3,9.659244000000001,False
The Prince,18.0,266.5868,4.6,16.219485,False
When the Game Stands Tall,15.0,30.127963,6.3,6.617708,False
The November Man,15.0,32.556119,6.0,13.310556,False
Birdman,18.0,103.215094,7.4,18.193263,False
Predestination,5.5,3.0,7.3,10.524204,False
Raja Natwarlal,5e-06,4e-06,5.5,1.109545,False
Before I Go to Sleep,22.0,15.447154,6.2,14.921298,False
The Green Inferno,5.0,6.833445,5.0,9.336019,False
Big Game,8.5,7.5,5.3,6.911759,False
5 Flights Up,6.0,1.020921,5.9,9.383088,False
Mary Kom,0.224056,15.536328,7.0,1.416035,False
Black or White,9.0,21.571189,6.5,10.763583,False
Cake,7.0,2.360281,6.2,10.197503,False
Miss Julie,5.5,5.0,5.8,3.7917120000000004,False
My Old Lady,5.0,7.527232,6.1,11.127162,False
Gemma Bovery,9.7,0.154701,6.2,5.105914,False
The Boxtrolls,60.0,108.25577,6.6,11.563908999999999,False
This Is Where I Leave You,19.8,41.29632,6.5,11.313659,False
Beyond the Lights,7.0,14.618727,7.0,6.293515,False
No Good Deed,13.2,53.830415,5.6,24.644320999999998,False
The Maze Runner,34.0,348.319861,7.0,76.93789,True
Dolphin Tale 2,36.0,52.424533,6.7,8.268684,True
The Drop,12.6,19.054534,6.7,11.695036,False
Honeymoon,1.0,0.009318,5.4,6.107378,False
Atlas Shrugged Part III: Who is John Galt?,5.0,0.846704,3.9,1.8455540000000001,True
The Guest,5.0,2.367161,6.5,6.441964,False
A Walk Among the Tombstones,28.0,53.1816,6.2,14.914924,False
Tusk,2.8,1.826705,5.1,6.820925,False
The Equalizer,55.0,192.330738,7.1,17.618057,False
Marshland,4.0,5.169755,7.1,11.127717,False
The Book of Life,50.0,97.437106,7.3,10.337994,False
Dracula Untold,70.0,215.529201,6.2,16.316318,False
Gone Girl,61.0,369.330363,7.9,154.80100900000002,False
Annabelle,6.5,255.273813,5.5,23.242452,True
Torrente 5: Operación Eurovegas,9.272437,11.672363,5.2,4.207751,True
Left Behind,16.0,19.682924,3.7,11.519053,False
Na Maloom Afraad,0.88413,2.259444,6.2,0.241973,False
The Judge,50.0,83.719388,7.2,17.887943,False
"Alexander and the Terrible, Horrible, No Good, Very Bad Day",28.0,100.654149,6.1,7.861003999999999,False
99 Homes,8.0,1.411927,6.8,6.60913,False
Kill the Messenger,5.0,2.450846,6.6,13.524048,False
St. Vincent,13.0,54.837234,7.1,13.655752,False
Whiplash,3.3,13.092,8.3,64.29999000000001,False
Escobar: Paradise Lost,17.0,3.758328,6.1,12.543659,False
The Loft,14.0,10.07679,6.4,14.443361999999999,False
Samba,20.0,0.15153,6.4,11.024334,False
Fury,68.0,211.817906,7.4,36.713807,False
The Best of Me,26.0,35.926213,7.2,8.196975,False
Camp X-Ray,1.0,0.059744,6.7,11.153327,False
Treehouse,3.25,3.25,3.5,1.574542,False
John Wick,20.0,88.761661,7.0,183.870374,True
Nightcrawler,8.5,38.697217,7.6,21.277073,False
Ouija,5.0,103.590271,4.9,13.288564000000001,True
Big Hero 6,165.0,652.105443,7.8,213.84990699999997,False
Kung Fu Jungle,25.0,0.129115,6.5,6.636514,False
Interstellar,165.0,675.120017,8.1,32.213481,False
Suite Française,15.0,9.104716,7.1,5.02124,False
The Opposite Sex,3.3,0.045,4.1,3.436499,False
The Guide,0.722083,0.499168,8.6,0.817488,False
Dumb and Dumber To,40.0,169.83701,5.4,15.402597,True
The Imitation Game,14.0,233.555708,8.0,31.595940000000002,False
The Hunger Games: Mockingjay - Part 1,125.0,752.100229,6.6,147.098006,True
Penguins of Madagascar,132.0,373.552094,6.5,22.201607,True
The Theory of Everything,15.0,123.726688,7.8,11.853019999999999,False
Horrible Bosses 2,42.0,107.670357,6.1,20.903361999999998,True
Paddington,55.0,259.207227,7.0,15.686836999999999,False
Zid,1.556288,1.268395,7.5,0.195677,False
Exodus: Gods and Kings,140.0,268.031828,5.6,16.320249,False
The Pyramid,6.5,13.865435,4.6,9.312354,False
Still Alice,5.0,43.884652,7.5,8.823253,False
Wild,15.0,52.501541,7.0,11.209154,False
The Hobbit: The Battle of the Five Armies,250.0,956.019788,7.1,31.718977000000002,True
American Sniper,58.8,542.307423,7.4,19.228561,False
Seventh Son,95.0,114.178613,5.2,15.297820999999999,False
Taken 3,48.0,325.771424,6.1,18.081483,True
Night at the Museum: Secret of the Tomb,127.0,349.424282,6.1,19.539436,True
PK,13.0,120.0,7.7,12.58752,False
Annie,65.0,133.821816,6.0,13.275529,False
Big Eyes,10.0,28.883511,6.8,7.412826,False
The Interview,44.0,12.342632,6.1,14.526048999999999,False
Unbroken,65.0,163.442937,7.3,10.543955,False
Inherent Vice,20.0,11.110975,6.5,13.52638,False
The Gambler,25.0,39.17113,5.7,8.728556,False
Selma,20.0,66.787908,7.4,7.107071,False
Into the Woods,50.0,212.902372,5.6,9.580785,False
The Water Diviner,22.5,15.520023,6.8,9.615664,False
The Woman in Black 2: Angel of Death,1.0,26.501323,5.0,6.942139,True
A Most Violent Year,20.0,12.00707,6.5,17.187707999999997,False
Blackhat,70.0,17.75294,5.1,14.932367999999999,False
Tracers,11.0,0.593683,5.9,9.056173,False
The Wedding Ringer,23.0,79.79988,6.5,12.21459,False
Mortdecai,60.0,30.41856,5.4,10.241861,False
Ex Machina,15.0,36.869414,7.6,14.14078,False
Aferim!,1.379375,0.105097,7.5,2.214179,False
The Boy Next Door,4.0,52.425855,4.1,10.200398,False
Italiano medio,1.81672,4.5418,6.0,3.782108,False
Kingsman: The Secret Service,81.0,414.351546,7.6,28.224211999999998,True
The Lazarus Effect,3.3,64.110728,5.1,5.840554,False
Project Almanac,12.0,32.248241,6.4,9.363482000000001,False
It Follows,2.0,14.674076,6.6,20.359336,False
Jupiter Ascending,176.000003,183.987723,5.2,21.463465,False
The SpongeBob Movie: Sponge Out of Water,74.0,311.594032,5.7,12.334689,True
Yennai Arindhaal,7.9,16.0,6.6,0.8643299999999999,False
Fifty Shades of Grey,40.0,571.006128,5.2,33.068431,True
Demonic,3.0,3.387,5.0,9.234943,False
The Gunman,40.0,13.644292,5.5,11.429831,False
Dragon Blade,65.0,121.545703,5.9,5.462048,False
Wolf Totem,38.0,123.205624,6.4,6.5426470000000005,False
The DUFF,8.5,43.528634,6.8,8.592449,False
Badlapur,3.7,11.48,6.8,1.493061,False
Hot Tub Time Machine 2,14.0,12.314651,5.0,6.575392999999999,True
The Battalion,10.0,7.547762,5.9,1.5576709999999998,False
Focus,50.1,153.962963,6.7,10.035362,False
The Second Best Exotic Marigold Hotel,10.0,85.978266,6.3,5.204473999999999,True
Chappie,49.0,104.399548,6.6,30.206365,False
Unfinished Business,35.0,14.431253,5.0,10.24952,False
Run All Night,50.0,71.561644,6.3,16.838145,False
Cinderella,95.0,543.514353,6.7,19.801128,False
Child 44,50.0,3.32433,6.1,17.608346,False
Insurgent,110.0,295.238201,6.2,27.887186,True
Home,135.0,368.871007,6.8,13.422713,False
Danny Collins,10.0,10.835752,6.6,16.903373000000002,False
Get Hard,40.0,111.811453,5.9,8.178015,False
Dark Places,20.0,0.208588,5.7,9.188583,False
Furious 7,190.0,1506.24936,7.3,27.275686999999998,True
Wolf Warrior,12.0,80.0,5.8,2.1627810000000003,True
While We're Young,10.0,7.587485,5.8,9.42755,False
Lost River,2.0,0.045431,5.8,6.6407039999999995,False
The Longest Ride,34.0,63.013281,7.3,10.264416,False
Woman in Gold,11.0,61.619773,7.3,11.61,False
The Age of Adaline,25.0,65.663276,7.4,10.542026,False
Paul Blart: Mall Cop 2,38.0,107.597242,5.0,17.02038,True
Unfriended,1.0,62.88209,5.5,10.07817,False
O Kadhal Kanmani,0.94,5.1,5.8,0.739665,False
Dragon Ball Z: Resurrection 'F',5.0,61.76819,6.8,11.350372,True
Avengers: Age of Ultron,280.0,1405.403694,7.3,37.37942,True
Little Boy,20.0,6.485961,7.0,11.946728,False
The Dawns Here Are Quiet,3.3,5.249225,6.5,4.445867,False
Gabbar Is Back,11.0,41.0,7.0,1.812728,False
Spy,65.0,235.666219,6.9,13.257467000000002,False
Pitch Perfect 2,29.0,287.506194,6.8,15.862632000000001,True
Piku,5.5,22.159216,6.8,2.942711,False
The D Train,0.447524,0.771317,4.5,3.993759,False
Maggie,4.0,0.187112,5.2,12.020933,False
Hot Pursuit,35.0,51.680201,5.4,6.90658,False
Standing Tall,5.0,0.026144,7.3,4.2066550000000005,False
Mad Max: Fury Road,150.0,378.85834,7.3,29.36178,True
Bombay Velvet,18.0,1.5,5.4,1.377993,False
Louder Than Bombs,11.0,0.161789,6.7,12.293202,False
Tomorrowland,190.0,209.154322,6.2,22.296076,False
Youth,13.36,2.0,6.7,8.717661,False
Poltergeist,35.0,95.437994,5.0,15.968492000000001,False
3 Braves,0.143149,0.645135,7.5,0.091951,False
Sunshine Superman,0.4,0.088097,7.2,0.984906,False
Embrace of the Serpent,1.4,1.320005,7.8,5.061041,False
Aloha,37.0,26.25002,5.2,8.451297,False
San Andreas,110.0,470.490832,6.0,20.547925,False
Premam,6.2,11.0,6.4,0.81609,False
Manglehorn,4.0,0.143101,5.2,4.69699,False
Entourage,30.0,49.263404,6.2,14.013413,False
Grandma,0.6,7.087452,6.1,4.565414,False
Insidious: Chapter 3,10.0,104.303851,6.3,10.098792,True
Dil Dhadakne Do,13.0,22.0,6.7,2.337434,False
Inside Out,175.0,857.611174,7.9,23.985587,False
Jurassic World,150.0,1513.52881,6.5,32.790475,True
Son of Saul,1.0,1.777043,7.1,6.403937,False
Southpaw,30.0,91.709827,7.3,12.370125999999999,False
Minions,74.0,1156.730962,6.4,547.4882980000001,True
Mustang,1.3,0.25,8.0,6.49255,False
Paper Towns,12.0,85.5123,6.1,9.662730999999999,False
Dope,0.7,17.986781,7.2,7.948581,False
Terminator Genisys,155.0,440.603537,5.8,30.188198,True
Ted 2,68.0,217.022588,6.2,42.061481,True
Max,20.0,43.967255,6.8,7.987747,True
Knock Knock,2.5,6.341684,4.9,11.898793,False
Indru Netru Naalai,0.62,1.4,7.4,0.326862,False
Strangerland,10.0,0.017472,5.1,5.975657,False
Magic Mike XXL,14.8,122.513057,6.2,8.76993,True
Love,3.0,0.249083,5.2,2.328321,False
Self/less,26.0,30.523226,6.3,25.301568,False
Baahubali: The Beginning,40.0,100.0,7.5,11.80967,True
Ricki and the Flash,18.0,41.325328,5.6,16.778945999999998,False
Tangerine,0.1,0.702354,6.9,4.832631,False
The Gallows,0.1,42.66441,4.9,7.51505,False
Monkey King: Hero Is Back,10.0,150.0,7.5,3.7593010000000002,False
Ant-Man,130.0,519.311965,7.0,26.882388,True
Equals,16.0,2.084628,5.9,19.803969,False
Horoscope for Good Luck,2.8,0.964206,5.0,0.502326,False
Pixels,88.0,243.637091,5.6,21.14796,False
Monster Hunt,40.0,385.284817,5.7,5.361771,False
Bajrangi Bhaijaan,14.0,98.0,7.7,6.31224,False
Trainwreck,35.0,140.795793,5.9,17.310647,False
Irrational Man,11.0,27.391084,6.3,6.862812,False
Mission: Impossible - Rogue Nation,150.0,682.330139,7.1,17.836882,True
The Vatican Tapes,13.0,1.784763,4.6,5.149301,False
Vacation,31.0,104.384188,6.1,11.33038,True
The Little Prince,64.0,97.57125,7.6,11.376954,False
The Gift,5.0,58.978653,6.7,8.585856,False
Momentum,20.0,0.133332,5.9,7.895442,False
Fantastic Four,120.0,167.977596,4.4,17.246484,False
Goosebumps,58.0,158.162788,6.2,12.365292,False
The 33,25.0,24.902723,6.0,8.383246,False
The Diary of a Teenage Girl,2.0,1.477002,6.8,14.986654000000001,False
Straight Outta Compton,28.0,201.634991,7.7,21.183076999999997,False
The Man from U.N.C.L.E.,75.0,108.145109,7.1,14.656875,False
Macbeth,15.0,12.601706,6.4,12.493466,False
American Ultra,28.0,27.139524,6.0,9.534828,False
Sinister 2,10.0,52.882018,5.5,17.602928,True
Hitman: Agent 47,35.0,81.96745,5.5,10.721799,True
Loham,1.050255,2.250547,4.4,0.633653,False
We Are Your Friends,6.0,11.12209,6.3,9.023686,False
No Escape,5.0,54.418872,6.7,14.132620000000001,False
The Assassin,15.0,0.632542,6.6,6.294815,False
War Room,3.0,67.790117,6.9,5.384163,False
Capture the Flag,14.0,8.30669,5.7,6.3456790000000005,False
The Wave,5.904067,12.975143,6.5,6.982302000000001,False
A Walk in the Woods,8.0,35.991087,5.7,12.019571000000001,False
The Transporter Refueled,25.0,72.62967,5.3,11.007319,True
Black Mass,53.0,98.837872,6.3,10.61072,False
Legend,25.0,42.972994,6.7,11.187833,False
Maze Runner: The Scorch Trials,61.0,311.256926,6.5,41.225769,True
The Visit,5.0,98.450062,6.0,15.021057999999998,False
Queen of Spades: The Dark Rite,1.0,2.228115,5.3,1.896218,False
Everest,55.0,203.427584,6.7,10.758754,False
90 Minutes in Heaven,5.0,4.842699,5.4,4.222496,False
The Perfect Guy,12.0,60.273173,5.6,7.607052,False
Our Brand Is Crisis,28.0,7.002261,5.8,12.158176,False
Beasts of No Nation,6.0,9.0777,7.6,11.732546000000001,False
Eye in the Sky,13.0,18.704595,7.2,10.564701,False
Truth,9.6,2.541554,6.5,6.133744999999999,False
Hardcore Henry,10.0,14.33379,6.2,14.544851999999999,False
Pawn Sacrifice,19.0,5.578519,6.7,7.399209,False
Captive,2.0,2.801508,5.6,5.396271,False
Orleans,2.5,0.302,6.0,0.192475,False
Sicario,30.0,84.025816,7.2,19.511221,False
Stonewall,13.5,0.187674,5.2,3.531089,False
Hotel Transylvania 2,80.0,473.226958,6.7,11.760218,True
Pan,150.0,128.38832,5.9,11.30428,False
The Intern,35.0,194.564672,7.1,15.651704999999998,False
The Walk,35.0,61.181942,6.9,9.425787,False
The Martian,108.0,630.16189,7.6,25.629929999999998,False
The Dressmaker,11.93,18.34,6.9,7.956860000000001,False
Burnt,20.0,36.606743,6.3,8.066726,False
Freeheld,7.0,0.573335,7.1,4.955317,False
Look Who's Back,3.196621,25.513752,6.8,6.7046589999999995,False
The Lobster,4.0,15.656193,6.7,11.223033000000001,False
Steve Jobs,30.0,34.441873,6.8,16.224866,False
Crimson Peak,55.0,74.679822,6.4,13.492683999999999,False
Secret in Their Eyes,19.5,34.85499,6.2,6.79115,False
Bridge of Spies,40.0,165.478348,7.2,13.707888,False
Woodlawn,12.0,14.394097,6.8,3.216606,False
Room,6.0,35.401758,8.1,12.443291,False
Suffragette,14.0,16.00242,7.1,8.093442,False
Brooklyn,11.0,62.076141,7.2,7.991613,False
The Last Witch Hunter,90.0,146.93691,5.7,13.412445000000002,False
Paranormal Activity: The Ghost Dimension,10.0,78.096553,5.0,9.185701,True
Jem and the Holograms,5.0,2.333684,5.4,5.394112000000001,False
Rock the Kasbah,15.0,3.020664,5.2,10.394389,False
Scouts Guide to the Zombie Apocalypse,15.0,14.860766,6.2,20.683405,False
Spectre,245.0,880.674609,6.3,24.926576999999998,True
Trumbo,15.0,8.235661,7.3,7.358726,False
The Peanuts Movie,99.0,246.233113,6.5,12.338346000000001,False
Lost in the Sun,0.025,0.025,5.8,3.985181,False
Spotlight,20.0,88.346473,7.8,14.63239,False
Victor Frankenstein,40.0,34.227298,5.6,9.447808,False
Prem Ratan Dhan Payo,23.4,67.0,5.6,2.864948,False
Concussion,35.0,50.36379,7.0,7.739783,False
Love the Coopers,17.0,42.426912,5.4,5.660648999999999,False
Katyar Kaljat Ghusali,1.5,4.4,9.0,0.446454,False
By the Sea,10.0,3.727746,5.4,12.61223,False
Heist,8.9,4.1,5.6,8.476315,False
The Lady in the Van,6.0,41.387687,6.0,5.799373,False
The Good Dinosaur,175.0,331.926147,6.6,12.319595,False
The Hunger Games: Mockingjay - Part 2,160.0,653.428261,6.6,26.628178000000002,True
Carol,11.8,40.272135,7.3,8.364201,False
In the Heart of the Sea,100.0,93.820758,6.5,11.696923,False
The Night Before,25.0,52.395996,6.1,10.516094,False
Creed,37.0,173.567581,7.3,33.449723,True
Krampus,15.0,61.548707,5.9,15.553313000000001,False
"Hello, My Name Is Doris",1.0,14.444999,6.5,14.992310999999999,False
The Danish Girl,15.0,64.191523,7.4,11.245661,False
Point Break,105.0,133.718711,5.5,7.291872,False
He's a Dragon,18.0,1.776333,6.6,5.978316,False
The Letters,1e-06,1e-06,5.6,2.240259,False
The Big Short,28.0,133.346506,7.3,13.143061,False
Star Wars: The Force Awakens,245.0,2068.223624,7.5,31.626013,True
The Tiger: An Old Hunter's Tale,0.005,11.083449,7.5,3.4478940000000002,False
Dilwale,26.0,61.0,6.3,4.081193,False
Bajirao Mastani,19.5,56.0,7.2,4.683689,False
Sisters,30.0,105.011053,5.8,13.799419,False
Mojin: The Lost Legend,37.0,278.3,6.0,4.209701,False
Ip Man 3,36.0,156.844753,6.5,8.970494,True
Charlie,1.9,5.9,7.4,1.188662,False
Joy,60.0,101.134059,6.4,12.975936,False
The Revenant,135.0,532.950503,7.3,23.501228,False
The Hateful Eight,44.0,155.760117,7.6,20.328822,False
Daddy's Home,50.0,242.786137,5.8,8.009226,True
The Lure,1.3,0.101657,6.1,2.1590380000000002,False
Anomalisa,8.0,5.659286,6.9,10.428421,False
Jane Got a Gun,25.0,1.397284,5.4,8.826071,False
Friend Request,9.9,2.4,5.3,14.282584,False
The Forest,10.0,40.055439,4.8,7.384688000000001,False
Wazir,5.2,9.2,6.7,3.5713760000000003,False
13 Hours: The Secret Soldiers of Benghazi,50.0,69.41137,7.0,18.022579,False
Norm of the North,18.0,17.062499,4.1,7.008103,False
Ride Along 2,40.0,124.827316,6.1,9.420931,True
The 5th Wave,38.0,109.906372,5.6,10.788263,False
Dirty Grandpa,11.5,94.073028,5.7,16.290585999999998,False
How to Be Single,38.0,112.343513,5.9,8.898988000000001,False
The Boy,10.0,64.188367,5.8,17.028854,False
Airlift,4.5,32.0,7.3,3.376147,False
The Bronze,3.5,0.615816,5.5,5.353826000000001,False
Kung Fu Panda 3,145.0,521.170825,6.7,14.696548000000002,True
The Finest Hours,80.0,52.09909,6.3,10.385757,False
Irudhi Suttru,0.3,2.1,6.7,0.756243,False
Fifty Shades of Black,20.0,21.164799,4.3,6.785049000000001,False
A Violent Prosecutor,0.0005,5e-05,7.6,1.3987559999999999,False
Robinson Crusoe,13.5,3.342697,5.8,8.969705000000001,False
Action Hero Biju,0.3,2.5,7.7,0.350207,False
The Choice,10.0,18.730891,6.7,8.28378,False
Pride and Prejudice and Zombies,28.0,16.374328,5.5,7.954623,False
Visaranai,0.325,1.6,8.0,0.867549,False
"Hail, Caesar!",22.0,63.647656,5.7,11.241366000000001,False
I Saw the Light,13.0,1.646788,5.9,4.654312,False
Zoolander 2,50.0,55.969,4.7,10.155109,True
The Mermaid,60.72,553.810228,6.2,5.2960519999999995,False
Deadpool,58.0,783.112979,7.4,187.860492,True
3 Generations,5.0,0.443962,6.1,4.626437999999999,False
Zootopia,150.0,1023.784195,7.7,26.024867999999998,False
Colonia,14.0,3.621046,7.4,10.156891,False
Midnight Special,18.0,6.212282,6.2,12.682927000000001,False
Risen,20.0,46.069568,5.7,8.759801,False
Neerja,10.721568,2.978994,7.4,1.68625,False
Triple 9,20.0,12.639297,5.6,12.892503999999999,False
The Witch,3.5,40.423945,6.3,11.840138,False
Race,5.0,24.804129,7.0,7.979302000000001,False
Grimsby,35.0,25.182929,5.7,13.912531,False
Gods of Egypt,140.0,150.680864,5.2,13.337707,False
Eddie the Eagle,23.0,46.152411,7.2,7.528275999999999,False
Mr. Right,8.0,0.034694,6.3,7.3178160000000005,False
London Has Fallen,60.0,205.754447,5.8,15.037993,True
Musudan,0.0005,0.0005,5.5,0.460016,False
A Conspiracy of Faith,5.21,5.9,6.8,6.859858,True
To Steal from a Thief,6.7,12.118661,6.1,4.987123,False
Whiskey Tango Foxtrot,35.0,23.083334,6.0,8.155603999999999,False
Allegiant,110.0,179.246868,5.9,18.386172,True
10 Cloverfield Lane,15.0,108.286421,6.8,14.421528,False
The Young Messiah,18.5,6.490401,6.4,1.7291990000000002,False
Sing Street,4.0,13.624522,8.0,10.672862,False
Jimmy Vestvood: Amerikan Hero,2.5,0.230069,5.4,1.216497,False
Things to Come,2.1,0.282382,6.5,5.858112,False
Miracles from Heaven,16.0,73.883359,6.8,7.528099,False
Batman v Superman: Dawn of Justice,250.0,873.260194,5.7,31.435878999999996,True
My Big Fat Greek Wedding 2,18.0,88.923251,5.6,6.344961,True
Everybody Wants Some!!,10.0,3.400278,6.3,6.7377970000000005,False
God's Not Dead 2,5.0,23.507567,5.6,5.957998,True
The Meddler,3.2,4.267218,6.0,5.510288,False
Demolition,10.0,1.978592,6.6,6.925667,False
The Huntsman: Winter's War,115.0,164.602163,6.0,17.260203,True
The Jungle Book,175.0,966.5506,6.7,17.432758,False
The Boss,29.0,78.636257,5.5,7.533146,False
Ratchet & Clank,20.0,8.821329,5.4,9.115939,False
Criminal,31.5,14.708696,5.8,10.038581,False
Fan,16.0,29.251596,6.2,5.1278760000000005,False
Green Room,5.0,3.220371,6.7,8.4702,False
Barbershop: The Next Cut,20.0,55.030051,6.2,8.468401,True
Flight Crew,10.0,27.305571,6.8,5.42046,False
Keanu,15.0,20.566327,6.0,7.9420839999999995,False
Bastille Day,20.0,14.397593,6.0,12.119295,False
A Hologram for the King,30.0,4.212494,5.8,9.104543,False
Captain America: Civil War,250.0,1153.304495,7.1,145.882135,True
Mother's Day,25.0,48.41816,5.8,8.309565,False
Term Life,16.5,0.021256,5.7,7.35578,False
Neighbors 2: Sorority Rising,35.0,108.758521,5.6,9.914008,True
24,10.0,15.0,7.1,1.264714,False
Florence Foster Jenkins,29.0,48.902953,6.7,10.829116,False
Café Society,30.0,43.763247,6.4,9.2467,False
The Angry Birds Movie,73.0,349.779543,5.9,11.171927,False
Money Monster,27.0,93.282604,6.5,11.953822,False
The Conjuring 2,40.0,320.170008,7.0,14.767317000000002,True
The Darkness,4.0,10.898293,4.5,12.187189,False
The Nice Guys,50.0,62.788218,7.0,16.075615,False
X-Men: Apocalypse,178.0,543.934787,6.4,28.712521999999996,True
Graduation,2.0,0.343617,6.7,2.840429,False
Elle,9.80469,2.341534,6.6,8.226065,False
Warcraft,160.0,433.677183,6.3,12.572718,False
Alice Through the Looking Glass,170.0,299.370084,6.5,14.616079999999998,True
Love & Friendship,3.0,14.016568,6.4,12.822085000000001,False
Teenage Mutant Ninja Turtles: Out of the Shadows,135.0,245.623848,5.8,13.047775999999999,True
The Handmaiden,8.575,1.983204,8.1,16.727404999999997,False
The BFG,140.0,183.345589,6.0,18.769476,False
Me Before You,20.0,207.945075,7.6,34.347590000000004,False
Now You See Me 2,90.0,334.901337,6.7,39.540653000000006,True
The Neon Demon,7.0,1.333124,6.4,13.410522,False
Te3n,5.069632,4.817642,6.8,1.434237,False
In the Forests of Siberia,3.5,1.492523,7.3,1.333969,False
Central Intelligence,50.0,216.972543,6.2,11.374041,False
Finding Dory,200.0,1028.570889,6.8,14.477676999999998,True
Udta Punjab,5.98,14.9,7.4,4.195844999999999,False
The Secret Life of Pets,75.0,875.457937,5.9,11.01395,True
Independence Day: Resurgence,165.0,389.681935,4.9,16.993841,True
Ice Age: Collision Course,105.0,408.579038,5.6,20.151037,True
Swiss Army Man,3.0,4.210454,6.8,9.196678,False
The Shallows,17.0,119.100758,6.2,13.689175,False
The Duel,10.0,0.0045,5.5,5.927867,False
Raman Raghav 2.0,0.521873,1.013926,7.1,1.6687939999999999,False
Free State of Jones,50.0,25.03595,6.6,10.223582,False
The Purge: Election Year,10.0,118.58788,6.1,13.1789,True
The Legend of Tarzan,180.0,356.743061,5.5,45.382979999999996,False
Hillary's America: The Secret History of the Democratic Party,5.0,13.0,6.6,1.628629,False
Captain Fantastic,5.0,5.879736,7.9,16.519276,False
Sultan,10.4,102.0,7.0,6.070606,False
Mike and Dave Need Wedding Dates,33.0,77.068246,5.9,12.237571,False
Star Trek Beyond,185.0,343.471816,6.6,20.659284,True
Rock Dog,60.0,9.420546,5.8,6.55207,False
Big Fish & Begonia,4.531653,84.55225,6.3,2.238595,False
Sausage Party,19.0,140.705322,5.6,17.56963,False
The Infiltrator,25.0,15.436808,6.6,11.504398,False
Toni Erdmann,3.537415,1.390172,7.3,9.117054,False
Ghostbusters,144.0,229.147509,5.3,17.162744,True
Precious Cargo,10.5,0.100659,5.1,11.548303,False
Train to Busan,8.82,2.129768,7.7,22.685169000000002,False
Batman: The Killing Joke,3.5,3.775,6.2,6.488277,False
Lights Out,4.9,148.868835,6.3,11.494907000000001,False
Skiptrace,32.0,58.5,5.5,10.912208,False
Kabali,18.7,74.0,5.9,2.017961,False
Nerve,19.0,85.241496,7.1,14.9837,False
Jason Bourne,120.0,415.484914,5.9,19.133256,True
Bad Moms,20.0,183.936074,6.3,9.362055999999999,False
Pelli Choopulu,0.2,5.5,7.8,0.902294,False
Shin Godzilla,15.0,77.0,6.6,9.285519,False
Suicide Squad,175.0,745.600054,5.9,42.965027,False
Nine Lives,30.0,57.814445,5.5,10.000208,False
Collide,21.5,4.811525,5.5,31.314013,False
Pete's Dragon,65.0,143.695338,6.2,12.189941000000001,False
Mohenjo Daro,15.05,16.18,6.7,1.423358,False
Anthropoid,9.0,4.6,6.9,8.475983,False
Hell or High Water,12.0,37.589296,7.2,12.565896,False
War Dogs,40.0,86.234523,6.8,16.453573000000002,False
Ben-Hur,100.0,94.061311,5.3,11.51021,False
Kubo and the Two Strings,60.0,69.929545,7.7,12.321832,False
Mechanic: Resurrection,40.0,125.729635,5.3,14.288576999999998,True
Don't Breathe,9.9,157.100845,6.7,25.869882999999998,False
The Hollars,3.8,1.016985,6.4,5.723985,False
Aquarius,0.762241,0.28593,7.5,4.860265,False
Morgan,8.0,8.810591,5.7,12.521071000000001,False
The Light Between Oceans,20.0,25.956113,6.9,8.483245,False
White Girl,0.7,0.200242,5.5,6.021721,False
Sully,60.0,238.470033,7.0,18.275689,False
The Birth of a Nation,8.5,15.861566,6.4,5.933047,False
When the Bough Breaks,10.0,30.658387,5.3,17.046052,False
Paris Can Wait,5.0,6.7,6.4,8.966128999999999,False
The Magnificent Seven,90.0,162.360636,5.9,13.809622000000001,False
Bridget Jones's Baby,35.0,211.95242,6.3,10.754139,True
Blair Witch,5.0,45.172994,4.9,11.901342999999999,True
31,1.5,0.77982,4.9,6.636625,False
Snowden,40.0,37.279439,7.0,14.384554000000001,False
Storks,70.0,182.379278,6.7,12.687521,False
Smoke & Mirrors,5.0,2.387127,6.7,3.138159,False
Queen of Katwe,15.0,10.367161,7.1,6.164561,False
Miss Peregrine's Home for Peculiar Children,110.0,296.485719,6.5,36.262655,False
Deepwater Horizon,110.0,121.790373,6.5,13.1984,False
Masterminds,25.0,29.2,5.6,9.434588,False
The King's Choice,7.5,9.1,6.6,1.176258,False
The Duelist,12.823507,6.101904,6.0,2.981184,False
Denial,10.0,4.073489,6.5,10.754997,False
The Girl on the Train,45.0,173.185859,6.2,10.217291000000001,False
Middle School: The Worst Years of My Life,8.5,19.985196,6.9,10.222142999999999,False
A Quiet Passion,8.138338,1.864266,7.5,3.55933,False
Hacksaw Ridge,40.0,175.302354,7.8,21.037699,False
A Monster Calls,43.0,46.652768,6.8,24.483893,False
Raw,3.5,4.1,7.0,14.320893,False
My Life as a Zucchini,8.0,0.292279,7.7,7.3211520000000005,False
Trolls,125.0,346.864462,6.7,16.83711,False
Inferno,75.0,220.021259,5.7,18.311054000000002,True
Max Steel,10.0,6.272403,5.1,6.703892,False
The Accountant,44.0,155.160045,6.9,13.465656,False
The Lost City of Z,30.0,8.574339,6.1,21.791110999999997,False
Personal Shopper,6.0,1.305195,5.8,11.186981,False
Jack Reacher: Never Go Back,60.0,162.146076,5.3,15.605620000000002,True
From the Land of the Moon,10.3,0.047748,6.7,6.165491,False
Ouija: Origin of Evil,9.0,81.705746,5.8,10.182974,True
Keeping Up with the Joneses,40.0,29.918745,5.9,9.48515,False
Aanandam,0.45,2.3,6.4,0.354748,False
Moonlight,4.0,65.046687,7.3,14.171675,False
I'm Not Ashamed,1.5,2.0,7.0,2.254096,False
Doctor Strange,165.0,677.718395,7.1,43.847654,False
Max & Leon,12.156348,7.9,6.7,5.662109,False
A Street Cat Named Bob,8.0,0.082703,7.5,9.609879,False
Bleed for This,6.0,6.174491,6.7,7.873407,False
Loving,9.0,8.996802,6.5,7.977391000000001,False
Nocturnal Animals,22.5,29.252978,7.2,18.908782000000002,False
Arrival,47.0,203.388186,7.2,30.83786,False
Billy Lynn's Long Halftime Walk,40.0,30.930984,5.9,8.009568,False
Almost Christmas,17.0,42.487325,5.4,7.288877,False
Shut In,10.0,13.082071,4.8,6.944457000000001,False
Split,9.0,276.921998,7.0,28.920839,False
Fantastic Beasts and Where to Find Them,180.0,809.342332,7.2,41.051421000000005,True
Paterson,5.0,2.152738,7.0,10.300307,False
Allied,85.0,119.520023,6.6,13.085186,False
Manchester by the Sea,9.0,75.026965,7.5,12.821257000000001,False
The Edge of Seventeen,9.0,18.803648,7.3,9.51953,False
Sing,75.0,632.443719,6.8,20.045673,False
Rules Don't Apply,25.0,3.885342,5.9,8.167672999999999,False
Bad Santa 2,26.0,17.782178,5.0,7.459161,True
Moana,150.0,643.034466,7.3,9.143457000000001,False
The Founder,25.0,23.964782,7.0,17.523343,False
Dear Zindagi,4.3,3.376375,6.9,3.6995519999999997,False
Lion,12.0,140.302754,8.0,17.085145,False
Miss Sloane,13.0,3.500605,7.2,14.017754,False
Office Christmas Party,45.0,114.501299,5.4,8.228918,False
A United Kingdom,14.0,13.819139,6.5,6.249112,False
Underworld: Blood Wars,35.0,81.093313,5.2,20.02976,True
La La Land,30.0,445.4357,7.9,19.681686,False
Incarnate,5.0,6.341855,5.1,15.909181,False
Jackie,9.0,13.960394,6.5,8.362716,False
Collateral Beauty,36.0,87.416021,6.9,14.575883,False
Hidden Figures,25.0,230.698791,7.8,16.816834,False
Patriots Day,45.0,50.548152,6.8,14.547939000000001,False
Ballerina,30.0,2.351359,7.1,16.53732,False
Rogue One: A Star Wars Story,200.0,1056.057273,7.4,36.567575,True
The Great Wall,150.0,331.957105,5.8,15.884744,False
Fences,24.0,64.414761,6.7,11.599716,False
Monster Trucks,125.0,64.493915,6.0,14.801195000000002,False
Passengers,110.0,303.144152,6.7,20.303632,False
Assassin's Creed,125.0,240.697856,5.4,27.54107,False
Gold,20.0,7.227038,6.6,16.01076,False
Why Him?,38.0,118.034273,6.3,14.531429000000001,False
Silence,46.0,23.737523,7.0,14.169379999999999,False
Resident Evil: The Final Chapter,40.0,312.242626,5.9,0.75571,True
Railroad Tigers,50.0,102.205175,6.2,3.798504,False
Dangal,10.4,310.0,8.0,8.792104,False
Live by Night,108.0,22.678555,6.2,19.943929999999998,False
20th Century Women,7.0,5.816211,7.3,9.855927000000001,False
